Temperature,Pressure,Vibration,Flow Rate,Power Consumption,target_column
23.745401188473625,1.1851329288386196,0.26170568373590597,11.72702994208898,5.287983513134371,0
29.50714306409916,1.541900947378358,0.24697879907199982,12.966813971913723,6.221729317199945,0
27.31993941811405,1.8729458358764082,0.9062545805210367,7.50467898792499,6.040643719160636,0
25.986584841970366,1.7322248864095613,0.2495461998495061,11.248740996069989,3.6155996187750947,0
21.560186404424364,1.8065611478614496,0.271949726128631,10.717459831437488,3.5969978789658956,0
27.262904794228856,1.6587833667107175,0.7593982624179637,13.32830376788271,4.072697470979653,1
20.580836121681994,1.6922765645178526,0.44973984245054,14.060870604812605,4.444298905364149,0
28.66176145774935,1.8491956515653194,0.7767105569551812,5.121567714773868,4.633822325633931,0
26.011150117432088,1.249668008859186,0.06536615756438524,11.740199190587926,5.718788867333381,0
27.080725777960453,1.4894249636431405,0.4875711936733843,5.51835799119729,3.2267217286633416,0
20.205844942958024,1.2212094418196022,0.03361360018328263,10.48858665077356,3.1386908169042655,0
29.699098521619945,1.9876680079966471,0.06265320345535452,7.876327290436782,4.567642251775636,0
28.324426408004218,1.9440593396866133,0.906437453344411,8.067765995221412,5.788654768551922,0
22.123391106782762,1.039426811368506,0.13924537111759516,8.529585034523565,3.7737413718259303,0
21.818249672071005,1.7055751725156885,0.5324206822752171,11.212924490496102,5.566017925025006,0
21.83404509853434,1.9252483174156658,0.41109560260070654,8.340499656687692,4.039312551761197,0
23.042422429595376,1.1805753451273335,0.3473433262588427,12.326990505902804,6.544344435254065,0
25.24756431632238,1.5679452305526294,0.8998333456872725,9.045273855738696,6.582759777066466,0
24.319450186421157,1.9154882975880418,0.0218233967754895,5.683532003099586,4.1891488171253055,0
22.91229140198042,1.0339459785857987,0.6637896861755891,12.837598424841072,3.919975015852962,0
26.118528947223794,1.69742026724684,0.9633944342135504,7.85758324592706,4.645215888264925,0
21.39493860652042,1.2973490073725507,0.5601681834618419,9.327668795992626,3.962126340720595,0
31.87826108096661,1.9243961953765303,0.9368224620330918,11.854438832219016,5.689535373166814,1
23.663618432936918,1.9710582451653678,0.05225787928602377,8.32456157148712,6.304258738193142,0
24.560699842170358,1.944266489113434,0.4187933190741614,5.5658565614671565,5.692368523644868,0
27.851759613930135,1.4742142166574639,0.26015779096205116,8.739210470128135,6.297401788997398,0
21.996737821583597,1.8620426509893133,0.7308209649807298,14.444485826943033,4.5879686488298965,0
25.142344384136116,1.8445493985350705,0.9812970904972467,11.41734397298558,3.6252678828354434,0
25.924145688620424,1.3191004732432556,0.2565300624442478,11.71479148667207,5.951803789590368,0
20.464504127199977,1.8289154741506772,0.6541746014740745,11.322821536376399,4.4418980205662155,0
26.075448519014383,1.0370076347154926,0.19809763275974013,6.989921389594368,5.68508330091653,0
27.6563808909736,1.596269878482053,0.5653302545716099,9.1833386410228,4.082575767927063,1
20.650515929852794,1.230008837287703,0.4639324866883362,12.509397983633182,3.3249185392266907,0
36.77788003532937,1.1205668857772788,0.9720053296315371,6.013728975531592,6.9703271819510535,1
29.656320330745594,1.0769532016292092,0.6085272726964666,7.778527760897123,3.624806031722397,0
28.083973481164612,1.6962887758781398,0.3495063720868188,7.763191084658536,6.953683975853924,0
23.046137691733705,1.3398749637680663,0.11409578488793337,9.32018927594506,6.90911973026579,0
20.976721140063837,1.7247667715287616,0.15124682873493456,14.803687409421851,6.175272415632159,0
26.842330265121568,1.0653563407989424,0.2253169299512351,5.675025466838219,5.63769184832799,0
24.40152493739601,1.3152903378306102,0.250966661340298,10.18700994380595,5.311228201004338,0
27.79898799730023,1.5394912923753372,0.8506160578411378,6.793646820122104,6.464406181511339,1
24.951769101112703,1.7907231648389637,0.5612227882825249,14.706765454097441,4.157758086477951,0
20.343885211152184,1.31875250293207,0.5233909113743664,6.133035047274642,4.870724849939508,0
29.093204020787823,1.625891376437009,0.11476887186921747,9.036010023615912,5.477559877466008,0
22.58779981600017,1.8859777482361872,0.860139693349435,12.37884984834606,4.644761903477964,0
26.62522284353982,1.6158631881823045,0.7228143032084837,12.045544280274452,4.709945816361072,0
23.11711076089411,1.2329594747536339,0.06766836190000158,9.227286368939323,4.321138670008338,0
25.200680211778106,1.0244007815565381,0.7078350972297687,8.465241679527182,5.256927266738144,0
25.467102793432797,1.8700988739009299,0.5435382173426461,8.976123785528706,6.402298112060464,0
27.876651993751977,1.0212694108503872,0.08172534574677826,7.642762631586393,3.8061135120252514,1
29.695846277645586,1.8747016726841994,0.45830064152865646,7.053329387067998,6.737732155013766,0
27.751328233611147,1.528937134027212,0.484696287130047,9.8303969755889,5.756350614992918,0
29.39498941564189,1.939067698512896,0.16577454016327575,7.685337560676073,6.293092850720121,0
28.948273504276486,1.7987832357736653,0.9456981470002823,7.874616648972501,5.224762770520046,0
25.97899978811085,1.9979341105333375,0.8499753714806619,11.56756063474557,6.1180668056962535,0
29.218742350231167,1.3507118154517102,0.6690223373291083,14.685373316998922,3.064801589357869,0
20.884925020519194,1.767188288931127,0.4622955610006072,11.036372005593751,6.273521699118141,0
21.959828624191452,1.4019309136092422,0.4117655415845085,5.769794670649663,3.160555436341466,0
20.45227288910538,1.479875620303909,0.6509734671509542,5.75583613854067,6.55965350545145,0
28.34165353160981,1.62750546321837,0.5454318694069055,14.51423220845566,6.967850988954574,1
30.595517108524454,1.8736771141863389,0.062273105881885615,7.972907903073336,4.176269848707111,1
22.71349031773896,1.984083469199295,0.5125026487703317,5.920669860824754,3.8412742251431746,0
28.287375091519294,1.7682734138645182,0.8064036172328395,10.990445871503816,6.061453455432163,0
23.567533266935893,1.4177667821673339,0.45923987759695806,11.23648778290266,4.0121053636810124,0
28.72646331436359,1.42135700227707,0.05195657755426841,11.485048201186881,6.462249532688814,1
25.426960831582484,1.7375823015888914,0.7862781993840331,7.674020278575413,3.411370368629907,0
21.409242249747628,1.2387771457683023,0.2013637821359744,5.151106842144751,3.503820785517433,0
28.021969807540398,1.1104741131313947,0.2586208348880388,14.650153694544718,6.916606220402462,0
20.745506436797708,1.3546221576407764,0.1647063534322959,7.508930456911025,5.695355593080018,0
29.86886936600517,1.2872389916540818,0.33021506487149754,11.760262880525474,6.387548897715812,0
27.722447692966576,1.29630812045599,0.756751505688635,12.066298698787095,4.2973175094060725,0
21.987156815341724,1.23360775104991,0.5193858595039373,11.100074170794857,5.705934998082418,0
27.42560249177531,1.0420931896363619,0.20488127415071256,8.129073942136483,5.376967309234389,1
28.15461428454834,1.0178739347334138,0.8778300781520408,7.710962537640658,5.412600480491788,0
27.06857343847617,1.9877223897360317,0.8795818549515292,10.97668282702703,5.730129838150886,0
27.290071680409874,1.4277731337358623,0.8705784250460069,13.660956336116914,5.301436692516394,0
27.71270346685946,1.3843266471596816,0.23879621138153928,14.467337289233956,4.716249477210663,0
20.740446517340903,1.67964728269307,0.4512393441809881,6.0590580440375765,4.103690777522187,0
23.584657285442727,1.2182538878650642,0.9849896561408751,6.5482861259771985,6.074325323652808,0
21.158690595251297,1.9499611839502253,0.7720124763099904,14.447362587830796,3.905089720012745,0
28.631034258755935,1.7863450144155522,0.027167421225559818,12.365352283347926,5.769417224617657,0
26.23298126827558,1.0894110023122594,0.06520459126049205,13.829938248297731,3.9333312905973066,0
29.3977237726966,1.4175807757849284,0.46393137681233276,7.026326341353432,5.501320679817816,1
20.635583502860236,1.8791183075621647,0.9092202058615602,10.875858711094018,5.988313068516115,0
23.109823217156624,1.9447320222914102,0.5387017979527142,12.011395944174737,3.874855555626157,0
23.25183322026747,1.4674015112498697,0.4978125080342902,11.801118854469728,3.239773203445233,0
27.29606178338064,1.6134113892107078,0.10547369995663058,9.08151690866698,3.5238949719766963,0
26.375574713552133,1.1670339460920753,0.656780104724294,5.153948916913085,5.423987869084102,0
28.872127425763267,1.9911686261369765,0.8221031606002255,10.829260568042631,6.397785624902943,0
24.72214925161949,1.2316717013834433,0.38042000750756233,7.531015391796087,3.1799872849416975,0
21.195942459383016,1.9427317741351255,0.7756118509253275,9.502542461428902,5.9366050361665845,0
27.13244787222995,1.6496466489923685,0.9644766539008116,14.575810150838173,4.3652745838002085,0
27.607850486168974,1.6077367948788592,0.2037664591276891,8.990353176424346,4.91411347967809,0
25.61277197569496,1.5126885110165085,0.5233296311947413,13.398016066644267,6.7154381993822625,0
27.70967179954561,1.2306698117177586,0.28713795808457554,6.885406057492512,4.327886018943381,0
24.93795596364391,1.1765280320055083,0.7928544190338394,11.724604980250287,4.861347735757944,0
25.22732829381994,1.2204862090701754,0.5775933658811575,14.770069544389434,3.0547296590427244,0
24.275410183585496,1.1864382621442546,0.6345824175503038,6.018931008729368,3.3263948800193535,0
20.25419126744095,1.7795844735667532,0.7979141596158941,5.08319942227192,4.034366364539136,0
21.078914269933044,1.35012525916673,0.3959704726624549,9.335827926326143,3.1114089632842976,0
20.314291856867342,1.0578426765633964,0.9150900684070432,5.926254830513672,5.5255013041930034,0
26.364104112637804,1.9691026301408114,0.53302886724614,12.483843496762313,4.70559342720649,0
23.143559810763268,1.8837858849634257,0.157954822835348,14.14548663848559,5.192580810912088,0
33.48014359759095,1.927752283195213,0.6958991181688025,9.340209727087588,3.698588743585318,1
29.07566473926093,1.9949078226464354,0.7932613504382544,7.587116421554409,4.1837281177464645,0
22.49292229148875,1.1738952492194872,0.31676167706752667,9.344033190066098,5.6552978994109,0
24.103829230356297,1.3962420189026588,0.857179256998753,12.23447817850001,6.8612108945216,0
27.555511385430485,1.7582384757040912,0.9061432547657664,5.09054161580371,3.201667094408837,0
22.287981654916223,1.6960206180537922,0.2769044873778089,10.894539894846972,6.561537283421064,0
20.76979909828793,1.153895906339855,0.9835214727152221,11.13291684887379,5.307524805244833,0
22.89751452913768,1.8158331249906179,0.14071152804875842,11.376882468959355,5.255678267022494,0
21.612212872540045,1.2244405718366607,0.20201566840248997,7.420220799808773,5.001114140831041,0
29.29697652342573,1.223817614822623,0.18422483923802613,12.140527233781267,3.2775763436167336,0
28.08120379564417,1.5369744228934135,0.8939897100078704,5.913914863317764,3.3595074069446427,0
31.611263743623443,1.592939934841703,0.6542925523249619,6.992703364668008,5.403648022636345,1
28.714605901877178,1.580086207837811,0.15210428322227287,13.77470046654482,4.363834285742233,0
28.036720768991145,1.0914868373977549,0.440323418368349,12.387231507265664,6.669072266310723,0
21.86570058886036,1.8774608626303804,0.615298025069802,5.137455540113453,4.626362149437889,0
28.92558998489978,1.265600042588706,0.08346408498938329,7.483762603698002,3.5731258348105643,0
25.393422419156508,1.1295149212828042,0.8824163684073387,7.144064829931645,5.858875334008144,0
28.074401551640626,1.8887480798689773,0.8036035354415352,7.708063280369726,4.173413685764039,0
28.96091299923493,1.9556514982297535,0.5052067735766382,7.475597702798864,5.101881229423572,0
23.18003474971864,1.8621276172654506,0.9671266152591704,5.625262957428458,5.79133114202068,0
28.2244359528977,1.8095160747248782,0.4177609792750997,9.589405165968204,6.601056444808282,1
22.279351625419416,1.6552419806390217,0.9841103190364978,12.327334747861652,6.168764779206704,0
24.271077886262564,1.5508573706091393,0.6679199988036271,11.067317247174364,5.705444271490896,0
28.18014765922493,1.0869867599114102,0.6346712732539415,11.728716685980798,5.718532729580574,0
28.607305832563434,1.4084532130706986,0.165954895295785,5.811491785362391,6.783698576128346,0
20.069521305311905,1.372688517012314,0.881927758304644,14.514907101767871,4.183296389986144,0
25.107473025775658,1.2597537837603263,0.42748968792061515,13.384918338430248,3.0044483767847496,0
24.17411003148779,1.723420113688585,0.16223340578247936,13.050903184956628,4.087818237592795,0
22.221078104707303,1.4958757350787708,0.01260751997575904,13.229838050417674,3.871565518506976,0
21.19865367333683,1.081046215907648,0.5597556836383826,14.327105081327613,5.647338340455993,0
23.37615171403628,1.2201832019498113,0.5273996221226763,10.442539661136976,5.534846399062117,0
29.429097039125192,1.683258763659596,0.7193536223691586,7.002820178676259,5.373845530818896,0
30.478402054990802,1.0761308594903003,0.8902580530178021,11.167836078525411,3.064973772837815,1
25.18790621743366,1.8512069140487686,0.07940658464302952,12.428814936679391,5.91511221780259,0
27.030189588951778,1.4951465270139743,0.7314964903403623,12.379173933540255,4.294121649941966,0
23.63629602379294,1.480586577326648,0.18741194409758222,10.214490241668802,5.660223956026524,0
29.717820827209607,1.5924077846595175,0.858177053157164,5.684587193335781,5.226313714008613,0
29.62447294942111,1.824680965925149,0.8190635138616561,8.711129384301278,4.370923701711629,0
32.19494708049631,1.347809207902193,0.5407937549855444,14.207666084633573,3.538305068416431,1
24.972485058923855,1.6780161525590636,0.7102427986233115,10.844489097574261,3.377675590641924,0
23.008783098167697,1.5657319639957912,0.3143501131837484,10.383319432557133,6.326073332448894,0
22.848404943774675,1.2670282701694213,0.47116789893281463,7.688535143821936,6.673590168326232,0
20.368869473545328,1.878629986355158,0.8216368977104717,8.684489199165789,5.599152187057198,0
26.09564333979897,1.797426021606928,0.4592651971732139,13.953460891531693,3.4137364594419335,0
25.026790232288615,1.6584518346584254,0.3577982653254418,11.664630475268357,4.6081088675529625,0
20.514787512499893,1.850581729094242,0.4942124472502999,12.873870267523328,5.915756800420629,0
22.786464642366113,1.8672942009598024,0.8282492524372184,9.543454230676552,6.119283536040273,0
29.082658859666537,1.7083629767150348,0.33520804737087273,11.30247219456158,3.4728744891643544,0
22.395618906669725,1.837013328363672,0.1737615931357438,7.483836087432075,3.0001228753815297,0
21.44894872091223,1.6974714616692836,0.7120140203307808,12.054608302834863,5.84854818352242,0
24.894527602775632,1.6801407717603003,0.8259782127080818,9.276013337033373,4.426384703944823,0
29.856504541106005,1.6186113782151843,0.10063747852353333,9.425455148147456,4.017925326473041,0
22.420552715115004,1.7527166395576412,0.23987411275594472,11.493223245768817,3.0515898791581018,0
32.8683229848307,1.1586051052930737,0.1419719897609939,14.362806214689266,5.161197627045999,1
27.616196153287177,1.8808707591989284,0.3479414115821666,5.640063466086209,6.404602941703927,0
22.376375439923997,1.871843527745232,0.45035097890541265,13.247432373470076,6.830526585090352,0
27.282163486118595,1.0292472830345591,0.7488263369633065,7.923831104121931,5.262979802453157,0
23.677831327192532,1.8258167505647627,0.6511475848816741,9.439194545063778,5.057845310959577,0
26.323058305935795,1.1288698674734452,0.6209285674784312,5.21913328775009,3.3402255419569644,0
26.335297107608948,1.335118854259142,0.3523749466096544,8.01046077834313,5.195491206170399,0
25.357746840747584,1.7435082562916078,0.8414475530847599,10.026312426301304,4.519916315861579,0
20.902897700544084,1.160759896048308,0.47128716739816456,5.56176077347439,5.428541123534307,0
28.35302495589238,1.8179670241190622,0.9791049380151545,9.91095729383165,4.554905391506187,0
23.20780064971736,1.8321341779577418,0.6341421382957368,14.271106288584273,3.961196493801467,0
21.86518510399854,1.5074677337608362,0.12626474156450274,6.053932181078052,3.379861100913506,0
20.40775141554764,1.0063858717168337,0.676177562075434,12.644407280755043,4.259673778355583,0
25.90892943188242,1.2870381331749128,0.325104015431699,9.096710533759927,3.386579337151009,0
26.775643618422826,1.6169269183757422,0.6863271966860974,11.55173714524338,3.7075878032959357,0
20.165878289278563,1.9811861780274236,0.06964114816240574,7.602365979852293,6.949344634318184,0
25.12093058299281,1.6318135270166683,0.1748814371759594,6.594922625413583,4.776414227626475,0
32.00145774907972,1.2598035810641597,0.8557372589057863,6.604626142712265,5.127487066020066,1
26.451727904094497,1.6340057030996114,0.2271795570235149,5.704919456431447,6.494474114948861,0
21.743664290049914,1.5399853797158554,0.83704112524294,6.85646704901243,6.982275601962751,0
26.90937738102466,1.7798453951511437,0.27927608845441043,11.642193849889683,5.330857797378727,0
23.867353463005372,1.1069806388269585,0.6428819100587077,13.81690611843508,6.249895284176686,0
29.367299887367345,1.7610279025020281,0.694150573509831,13.141256855911617,4.307764097346701,0
21.375209441459933,1.5412665786761104,0.5126547531450529,11.851343098744842,4.222975829789164,0
23.410663510502584,1.9629920038589947,0.3053106766967313,6.104318634111027,4.610814883978241,0
21.13473521240589,1.341872166038686,0.21264437637109612,7.891874462959498,5.690029050694596,0
38.44703034238912,1.632621893133948,0.03318935456242622,8.09806875322469,5.728766757020395,1
28.77339353380981,1.9320281055100175,0.3039464012407238,7.499569463976212,4.260957738597803,0
22.579416277151555,1.1025097279906793,0.653162790531283,10.150056597097231,3.5328396965465148,0
26.599840460341788,1.9372284872364511,0.9383048184484827,10.355538148796725,5.529585025862034,0
28.17222200201216,1.6878857223008135,0.871204482263052,8.568859751711102,3.513303448755058,0
25.552008115994624,1.0678370591051718,0.7660647765353026,8.53789158736436,5.31397003291732,0
25.296505783560065,1.3009635669468163,0.7884473432532987,13.285555979060813,5.773688512225236,0
31.90925513310502,1.7081720886452816,0.6649849034759953,12.892928483196856,5.8024459855778066,1
20.931027678058992,1.0673506014687717,0.260286857566003,8.077958316807457,6.013888442638387,0
28.972157579533267,1.5821704601762732,0.9071950307058299,14.137884438732593,6.491437686262659,0
29.004180571633306,1.3458830569529567,0.670732311905834,14.52815017002506,4.999835967859154,0
26.33101457273268,1.620915517767477,0.56044063098044,8.267425420300409,5.920996758118285,0
23.390297910487007,1.045742033812513,0.11098946921348107,8.544249487930548,5.476690941463347,0
23.49209574612661,1.8715368061523763,0.4470555438064254,10.056341534219587,3.7465597591907303,0
27.259556788702394,1.973488969177397,0.4603582712019263,14.411208125336735,3.1027585794776327,0
28.97110259952577,1.9688778552856916,0.86456360952267,13.763194331423115,4.1381655427077355,0
28.870864242651173,1.7496518317429248,0.5466482201877885,6.025679625835898,4.772134825350477,0
27.798755458576238,1.130086240130632,0.38040054897040965,8.927307432714162,5.468423777714625,0
26.42031646154288,1.7582631959290227,0.9768003285106593,10.533711897497717,6.3998373220128215,0
20.84139964995049,1.0245869164588015,0.11072059332631567,10.0313247255154,3.7849828668246626,0
21.616287140946138,1.0221235515289973,0.4225484283119446,6.938630679368927,3.5021991595939084,0
28.98554188527079,1.3236102191495411,0.04202467517140529,13.588167711681546,6.85391978989731,0
26.0642905965959,1.4886431904046658,0.7399041207669304,11.769407829968372,3.4321782375056284,0
20.091970516166295,1.7704074178077933,0.9180765521991506,13.379083748518037,4.913964280428757,0
21.01471542866032,1.6832953766065053,0.28003732955048943,13.587642793494721,5.342254915173207,0
32.819265044063286,1.4459027063767484,0.8583416767991209,12.483558536657398,5.165497683629753,1
20.050615838462186,1.273626666281666,0.29221823046189777,9.392106012497173,3.344128628131773,0
21.608080514174986,1.9971245001577111,0.9107701616439152,11.105467550154245,3.2281076560144775,0
25.48733789366586,1.4261813022359728,0.7539619035967839,6.603654061197432,3.4219337098441427,0
26.918951976926934,1.4513870243296756,0.8049067768414386,11.736454174749078,5.3423507354904505,0
26.519612595026004,1.1636238211916692,0.0180065556004545,6.792532557392807,5.177379550537284,0
22.2426930946056,1.7948095487499294,0.962810357074026,11.939495905101568,3.934963168146977,0
27.12179221347536,1.6936822257814885,0.7266709920703233,7.295981607539686,5.551096567382366,0
22.372490874968,1.2207696127887604,0.3047510953861333,6.1755130015022,6.2802700082225975,0
23.253996981592678,1.0823810456158427,0.8293946648588469,6.6528449014295745,3.166315839386375,0
27.46491405118024,1.680499302074713,0.28152119841492995,5.0199213521907025,4.99251977419217,0
26.496328990472147,1.6545112142811353,0.872753839566128,12.187396178535302,5.757241648410761,0
28.49223410494178,1.2732595269982094,0.11258039041193701,12.324010490583792,4.009247708278748,0
26.576128923003434,1.9508635622504102,0.7036859774607958,10.149333499132595,4.231083621172596,0
25.683086033354716,1.1510578917809002,0.5406984766449103,6.613628010553837,5.454551611957536,0
20.936747678280923,1.432334801042602,0.09653447019544081,5.835543375106898,6.591741173774947,0
33.44132997644726,1.9436159201675989,0.24189382825883898,5.19128966437287,6.239697681211597,1
22.652023676817254,1.4197273169261222,0.01240403627731479,6.6574817696522075,5.332520876398334,0
22.439896433790835,1.6385259476640854,0.46876796546450583,13.908555349831467,5.920886871028997,0
29.730105547524456,1.3975943979627943,0.3012652607600004,7.4153684170168175,4.459289880831195,0
23.930977246667602,1.2742152023486701,0.5983574842977588,8.542713272172158,5.5638621123950305,0
28.920465551771134,1.9839776479598283,0.2972378077086172,6.053454844813332,4.864726364510227,0
32.4268179326175,1.409334006315043,0.2999191115069847,7.223613047481702,3.7597445458302436,1
27.948113035416483,1.8940992036791344,0.7431931987316034,10.192245707802051,5.806953095509028,0
25.026370931051922,1.2299546058910862,0.04814283597835345,11.077526830956526,5.225858549395288,0
25.76903884626359,1.2131047040250833,0.9028949951919872,7.45352314166211,4.434486327814366,0
24.92517693818864,1.0311340828845115,0.8522638743911815,5.577321592251172,6.645356760314523,0
21.952429877980446,1.651666825375885,0.6678046832264065,8.910328691273985,3.083736471306933,0
27.224521152615054,1.3685263437237611,0.5932215701073843,7.342033709263341,4.2630926049979845,0
22.80772362440856,1.8643582498396372,0.8923024981396522,7.195539232298019,3.2275255911105862,0
20.24315966431454,1.4732099066915572,0.18533017952871444,14.598628027134552,6.066109264886508,0
26.454722959071677,1.9681934279147217,0.07896916219082861,11.16300485925724,5.80842981645517,0
30.439320995892732,1.1855255157031213,0.2395101699095381,10.568784431720958,4.325408874945268,1
29.40458584352914,1.8686231679556107,0.7945782787001903,9.157751035233218,5.702651608828292,0
29.539285770025874,1.7765968527917417,0.03467026672648332,9.289443334301442,4.5837489047838,0
36.39037625482765,1.770921844644052,0.5828068350834896,10.409050038380808,6.025015165689737,1
23.701587002554444,1.8447832281168877,0.9954375161913099,11.964298070361073,4.816734650946824,0
20.154566165288674,1.761023990942999,0.8556960938375394,12.021460961818295,4.649118911326662,0
29.283185625877252,1.6262203216314153,0.5214456890435895,6.716939077054496,6.738919661953204,0
24.281841483173142,1.1312448776823876,0.06364090928664234,10.00112752076627,4.003516399562801,0
29.666548190436696,1.032526179491252,0.8313735143857098,9.11958095034102,3.4817893599862617,0
29.636199770892528,1.9208478478156867,0.5989785081772105,13.705269662693842,5.338172453037833,0
28.530094554673603,1.616650314520738,0.11493299705956683,11.314189212183763,6.877287249136716,0
22.944488920695857,1.7965372909761763,0.0938572848233562,10.325040664159818,4.511356854908747,0
23.85097728601925,1.4815223515125502,0.9096268194365924,6.153946421789174,3.248147054515126,0
28.51136671516857,1.1173081889623946,0.6692002629380784,11.056378893234115,4.357221069238269,0
23.169220051562775,1.1251857922025503,0.8292867993167555,6.172039056802334,5.023726617278234,0
21.694927466860925,1.6855652872289713,0.8789789002822673,8.37206575565752,3.647692026528855,0
25.568012624583503,1.4303058948994627,0.5717723520483222,6.4284196481433185,5.632408872225968,0
29.361547741607808,1.2005247267003367,0.5174463517550413,11.920736470243689,6.990997556040803,0
26.960297966749728,1.4915945467414369,0.4304274103209902,7.062521138361526,4.806957903925776,0
25.70061170089365,1.0642089370751342,0.3169465877911193,8.91859373188026,4.418914226920851,0
26.59484025365331,1.581971401914399,0.43459596085871177,13.956747776187786,4.6028166673378665,1
33.596266574130574,1.2689934044350977,0.7738796557301564,7.043163833989703,3.4605847135808046,1
29.900538501042632,1.797559100637188,0.6019234310151316,10.07805063958779,6.533094405704896,0
21.40084015236524,1.3103619589235738,0.8925232899548461,9.19271661166022,4.6593026220854075,0
25.183296523637367,1.4552201490818013,0.4433800143791877,5.181240410457297,4.549097645699366,0
28.773730719279556,1.0116205399081006,0.607089578718754,12.927581135728127,5.638761091721897,0
27.407686177542043,1.072446887794559,0.6313075530919887,5.6904590631459975,4.7681336837244945,0
26.97015740995268,1.3924935564066847,0.5916971623063255,9.742550209769536,5.592933875231385,0
27.024840839871093,1.4799388347171236,0.7026337730855163,10.6067829493895,3.24578516052315,0
23.59491151219755,1.6000205481193037,0.23743346837480628,11.284264566145872,6.25489337488891,0
22.935918442644933,1.2916625787093032,0.5123637775457907,11.886316293078757,6.76201581151761,0
28.093611554785134,1.6949818861265427,0.10422480280834767,7.53272383522715,5.595061544637543,0
34.21919704575513,1.8601223971892047,0.38451132764481255,5.099787766584494,6.8182637154352435,1
28.670723185801037,1.7798509888933498,0.4876670686212644,12.234436623549119,3.605729257479853,0
29.132405525564714,1.0396188253483571,0.6522242595454725,10.356565993475787,4.909664757921415,0
25.113423988609377,1.480506947257829,0.9505310525862035,13.361177032072488,5.4072269357817895,0
25.015162946871996,1.1049301784181749,0.6006510665483559,13.213883629006943,5.326946589684747,0
27.98295178966775,1.2420450158625274,0.7435939161765598,13.433261677878832,4.605847116356173,0
26.499639307777652,1.9866625932671464,0.5062660594952028,9.850946599795401,4.3523376374650455,0
27.019668772577035,1.1424955429015133,0.6341040313763313,8.336283958368657,3.507296090201675,0
27.95792669436101,1.498888153451356,0.07093221613377343,12.9155820259137,4.566969802249113,0
28.900053418175663,1.618155734318119,0.254391580841847,9.51294113029255,3.6506432604219405,0
23.37995156851536,1.702464970544104,0.3618530932051387,6.834421964034345,5.937462705968874,0
23.755829526399438,1.559648683486914,0.47249335500651357,13.549740195614744,3.83532374197836,0
20.93981939840869,1.0097708474191838,0.045648745502383736,13.825598767723474,3.2342612211381354,0
25.782801409961742,1.3264613082439918,0.14002409755331768,9.6630975614017,5.209464551268937,0
20.35942273796742,1.5177116433847115,0.2768143077913058,5.756997273097875,5.380918930877606,0
24.6559801813246,1.0878664991448335,0.9715326909010507,8.878260899169312,6.487652245122022,0
25.426446347075768,1.3506269312091808,0.33134700710305076,13.035376594626033,5.3079264496707275,0
22.865412521282845,1.0332031087913665,0.48204105811208253,14.017740285462287,4.381923414893783,0
25.908332605690106,1.0785784971550207,0.19609771273839294,7.034727424975959,6.212047526105282,0
20.305002499390493,1.396923276201596,0.6107800710757683,5.669736120252715,5.161115572749685,0
20.373481887492144,1.1327157540430604,0.2806832155159743,13.773504531328387,3.317121138524767,0
28.226005606596583,1.567540848261558,0.20699257843842678,8.894049389788753,5.263402241252987,0
23.60190641411263,1.6894649691372656,0.5165726284459791,10.417609642675632,6.632074181686649,0
21.27060512651885,1.8005866991090829,0.005505799160420821,14.680658120507589,4.585250501992882,0
25.222432600548043,1.20015024424481,0.0076640326492253275,5.665647279142228,4.1853032075992,0
27.69993553098611,1.1674825822590698,0.21906880910185778,11.483180074520956,3.57387782807208,0
22.158210274968432,1.1045678403344001,0.03672136250082114,5.7410542257486705,3.6057820877414293,0
33.78150606468422,1.6364302495436367,0.10802575413069138,8.754689284665004,4.731085937367276,1
20.85347464993768,1.706475726486901,0.3388606493387516,13.038145451934467,5.382719296646118,0
25.528434242345728,1.031586144825642,0.8025856795798129,9.334722327556344,3.322461620678407,1
25.313546315681478,1.9362122462436897,0.5720486433693008,14.971823539029504,6.758274356100663,0
31.26733861321923,1.0519712836514725,0.5126677259564164,10.590592849466022,6.020534469780784,1
26.374299014982064,1.5412963353010705,0.29348882320812164,8.211621526359535,5.346495673134651,0
32.29612791034732,1.7090605194509165,0.9317537194328164,7.201113259047531,6.313754683755963,1
29.758520794625348,1.8709691237460855,0.39701504123719167,8.505205342861618,3.320747027248453,0
25.163003483011952,1.7140869321324277,0.08709276679577149,8.725332737595508,4.907355510932497,0
23.22956472941246,1.8017280830697917,0.6170665161178013,5.68713677723961,5.520372507446654,0
27.951861947687036,1.339450192542806,0.11383839347660141,8.695741994267731,6.314611624473157,0
22.708322512620743,1.8148251137465121,0.3452231428016921,9.64238519739225,6.13387824019707,0
24.38971420705636,1.0801148463846753,0.5074119387178089,12.227377522388046,4.108276998853599,0
20.78456381342266,1.8948166560605277,0.8742225246851758,11.567294847216079,6.763520678236818,0
25.608694541171282,1.5475923761537362,0.49354658034011867,12.087656552291541,3.4973833657234814,1
29.62648414677925,1.8172977699624937,0.7022587660316643,5.083636818768571,6.500534474484608,0
28.35980120512206,1.4523182845183,0.9928168389990704,7.176673995805361,6.883760998418474,0
26.959742060936982,1.6435776951965249,0.13148911989798162,11.616842883998565,3.7086140928905023,0
31.817872768985872,1.5264026609361132,0.2747315255195195,9.839893681797472,5.888264256815141,1
21.73294320070846,1.7315895217553319,0.3945760755976464,5.053134756683459,3.161142075111994,0
21.56437042671086,1.0816299820305897,0.42182817853883137,13.044946424318223,4.62169130055662,0
22.502428981645952,1.0603520839905638,0.41102107526554577,12.728095732903373,5.065133196790696,0
25.492266647061204,1.2471032340101464,0.9076110025565549,10.484191629935626,5.322580903638537,0
27.145959227000624,1.1595446801131883,0.7140326444668564,5.664633257762722,6.743748992994238,0
26.601973767177313,1.8717835665922018,0.6079052140907037,12.665150495325847,5.689002749176779,0
22.799338969459427,1.2192139873580443,0.3093727178627821,10.837135877313639,4.925111804876948,0
29.548652806631942,1.9758652558191314,0.8237903842212947,12.819599771579592,6.238700145063557,0
27.378969166957685,1.3368957917711068,0.9550605114849889,12.517469923958405,6.802131283817635,0
25.543540525114008,1.1821179156886994,0.8211982825502265,13.03002071957837,3.0882645947291634,0
33.683509985195734,1.7896985071424791,0.0015651051914729042,10.180080664046248,6.930085089024155,1
24.1960006242779,1.6587077755008761,0.636401370183407,6.40324518193515,3.3445285562547213,0
22.477309895011576,1.498195716453139,0.051135381442100725,11.711574733796887,6.257547117075045,0
23.559726786512616,1.5553635509376313,0.25760722033372185,11.204737850519706,4.12133901020565,0
27.57846110464369,1.719201778272264,0.059524700347771686,12.422531871990872,3.528718631015487,0
20.143934886297558,1.2284547413312987,0.6037954529493877,6.698810060507353,4.75942255885534,0
21.160726405069163,1.996333916056742,0.6865899134926068,6.949751999002892,5.575826317790455,0
20.460026420217527,1.9747931621467831,0.11448763806590512,13.904095172193285,4.5238073800939,0
20.4072880231897,1.6503256863469369,0.3838388830449795,12.499777984520708,3.218261633130796,0
28.55460584011007,1.1995424509291452,0.456236508955542,14.08228488700323,5.3978445586348665,0
27.036578593800236,1.6802282424312913,0.3690530217609166,12.587153211639208,6.609613104442699,0
24.74173829087325,1.0721984089791758,0.12102500048519305,10.97155305990302,4.532861463789007,0
20.978341606510014,1.0306525022058062,0.4189477901874754,11.541327370278736,3.865331110523308,0
32.78906973892772,1.2576828885112137,0.7511780478084181,13.891279239400099,4.770309383731261,1
24.734717707805657,1.4626229567393163,0.07100766453325547,10.788067545119405,3.1934508441951235,0
21.732018699100152,1.8682725054083806,0.08018001408190345,11.323913243283874,6.281950337921099,0
24.338516492379732,1.727169069766308,0.3547712918359842,6.564767160036006,6.3053632438007465,0
23.985047343973733,1.742706521199981,0.941725711618925,9.739212201161028,5.352001853718514,0
36.07815568123418,1.4254933344480754,0.668572646722914,12.163971119580989,4.4124115557535575,1
26.350936508676437,1.345934992546963,0.6786699566725648,7.709426983163654,6.199133457783134,0
20.453040097720447,1.3710387629846026,0.36191999083786497,7.022541805245349,5.218748099153469,0
31.320047320930385,1.9876495637360578,0.5936607912085384,8.138268082244156,6.303729234200064,1
26.258599157142363,1.0401091914124825,0.010131184027743378,7.415006279928335,5.5258351703320825,0
25.031362585800878,1.8670314961224486,0.6360960464095422,7.149126370363959,6.13762189285119,0
28.56489841188322,1.5786754085723933,0.9132869475762367,9.24850842868087,5.394251972871039,0
26.58693631618945,1.4386154191895906,0.6125734683448192,14.07838513883534,4.656564272862665,0
21.629344270814297,1.7252576604151364,0.873698593466345,10.070596467387183,6.83178343970455,0
20.7056874740043,1.486668941424703,0.7239730554660938,6.87920380815323,5.164455299515379,0
26.424192782063155,1.8734232380816604,0.12055841640369025,5.769716693808741,5.420358074162154,0
20.26511310541622,1.9007018640112585,0.9024533072858417,11.961561451379252,3.881950557658997,0
25.85775581273463,1.4217209268734554,0.06644384435577488,8.827987644363878,5.502603157709106,0
29.402302414249576,1.2768277972350517,0.5339674725477638,13.218309465853594,5.286430597931775,0
25.754741778758792,1.5923503285933622,0.14213712379345766,11.595107686407701,3.7393535917881,0
33.04687058177057,1.9123633456166909,0.011706610730904066,12.962414505413685,3.238348389412575,1
26.432882184423534,1.2106621890056666,0.422034260127639,7.7194603941844875,5.417437278859085,0
24.582528904915165,1.6229665835634828,0.29504070765415624,11.92358922461058,6.054769077401282,0
25.45616789315935,1.6315602200925206,0.486000493797603,7.640619846937188,5.093605483688033,0
29.41464808776525,1.733113022415281,0.5771998867345508,14.390684794502915,3.907090501278583,0
23.861026378007743,1.1315676851272598,0.04373907230894736,11.363742815333744,5.666087906772139,0
29.611905638239143,1.7158249646820884,0.12300329512374564,8.245118001753422,3.320422906438409,0
29.053506419560637,1.909032520665641,0.5586423964504253,7.695118622922727,4.767334819207818,0
21.957911347892964,1.179683108870242,0.34316735317265823,6.9092658507164355,3.6534670335936807,0
20.693613008751655,1.2375433249238776,0.729173487549448,11.946409588937279,3.7378362042395334,0
21.007780013774266,1.9713950940416396,0.6522916485919397,7.1871561299792734,3.8091757966328146,0
20.182218256515498,1.1809769527094898,0.8456043629899068,10.953032659274891,4.546828228175912,0
20.944429607559282,1.8543850933695791,0.6924928266692253,7.646350269253573,3.2046008224815905,0
32.48910188364697,1.4922778564480348,0.42993107739014813,11.619689447938686,4.591173763716393,1
20.71188648460229,1.2472310744031772,0.6729666223944324,13.149397285405392,5.046829788458803,0
23.189756302937614,1.8707499012725113,0.2753811742554185,12.780252431446531,4.9331771398653,0
28.448753109694543,1.4453052550026655,0.3063134987782127,12.608513309307817,4.531136401612162,0
20.23271935735826,1.5148173539296903,0.7889851599207933,6.877224056922521,6.3565864322830095,0
28.144684825889357,1.3592333693997656,0.4464195164015822,5.883849469845187,3.5813067696820164,0
22.818547747733998,1.5929508514349275,0.7983803405183525,11.989488284873856,5.022786975125496,0
21.181648276216563,1.1635238725850228,0.8224223736682784,8.683472137943513,3.248165667826217,0
26.967371653641507,1.3910815366517606,0.8575623376612838,9.323462264033473,3.284622715511639,0
26.28942846779884,1.9694123223352875,0.9166352358412073,5.31149092793391,5.295463398708385,0
28.774720135270528,1.2581334327011275,0.43098522051329624,7.595764492750492,5.264073699551284,0
36.63619513608844,1.6567366645412922,0.31886681832113883,5.33676403874464,6.512134051377828,1
37.737295296413535,1.325190064224695,0.5821987465941139,13.791857726012477,5.231494702640292,1
22.820345725713064,1.7734731256866008,0.3711724234376276,7.4339668321853045,6.839164081619401,0
21.774395437797228,1.1308736607183498,0.601074166800233,10.573371695730081,3.194779393599719,0
27.506147516408582,1.9698210450785447,0.7055858626438246,5.389793206611304,3.3920307391229643,0
28.068347392672642,1.4537895413836392,0.6884050184921369,11.66847391305658,3.1762634462815256,0
29.905051420006735,1.236050463346464,0.37455288702012135,8.230273457540939,3.74110740133416,0
24.126176769114267,1.0734967473300125,0.16686020169875282,13.979191869576658,5.165080443766712,0
23.720180857927833,1.1697579050875406,0.43052933846220753,13.881181889340358,5.582288725709712,0
27.764129607419967,1.5197739485560176,0.14259414408190874,8.252906183617478,3.182340631794675,0
23.408035402530178,1.3370031764312862,0.8900970351838083,14.009608956904678,6.783883559382398,0
29.307573256035646,1.8288833658826094,0.3458774607378574,14.961576734987789,6.368661506601525,0
28.58412751843012,1.430887523661806,0.15445974722332378,13.254156641239481,4.186449928628372,0
24.289940273750183,1.24871427258763,0.025447759905750877,13.448713477552289,3.308750120905872,0
27.508710677914973,1.6171449866040302,0.6458223862864843,7.490087361090899,3.679548292876229,0
27.545428740846823,1.7067772168854458,0.6369023174547432,10.767023988577563,3.5077776550198907,0
26.858339449001374,1.1670419079009497,0.34060416658129167,5.6725591396736785,3.4931351171957874,1
29.025529066795666,1.1676192162883177,0.071711888847651,5.949179368216697,5.074246754662935,0
25.052523724478572,1.0366714269335429,0.409628894895232,14.988926120332906,3.983389769973601,0
34.62172898245768,1.7364020150656405,0.3112174950633936,8.26639249425911,4.432558866116578,1
23.200496010306118,1.6638045276218052,0.6771206397350094,12.481839120488463,6.95802133353729,0
28.955232284962005,1.4746308757498139,0.6057792494526903,13.066650530268165,5.7372569957013795,0
23.892016787341632,1.844170448969197,0.36459372819754,13.580232710072291,6.795922668188005,0
20.108376514802984,1.8056701529500532,0.2178925542549901,14.976282974021565,3.5702262201324624,0
29.05381976419264,1.585354364396752,0.9880359661555919,7.414964852568678,4.528557899330277,0
20.912866767861335,1.8682712805132586,0.45400162119611487,5.4035082685969975,5.218927213129417,0
23.19313637590415,1.2058412100367684,0.688274235780237,9.11191517994586,3.307032247554952,0
29.50061967050805,1.1119196193977279,0.14055296757836078,6.3008066982894695,3.0167497745118315,0
29.506071469375563,1.2697496115169895,0.4855896996593978,5.2242588916205515,5.68173733518767,0
25.73437888123286,1.057086856089315,0.027536719869465487,8.604268271414862,5.567278067205741,0
26.31837212169799,1.531169528001032,0.50545511791045,12.837382510752365,4.643155239998447,0
24.484455219783197,1.9366056922949615,0.9640174071177023,10.661806912250709,4.9585763041281306,0
22.932107716980646,1.0393435406685096,0.3842067129858002,8.12777989210354,4.661772002368359,0
28.800486666948068,1.1221099140100268,0.03899601257491159,11.543420054927196,3.0960201793795554,1
26.725184560770384,1.4521990282834354,0.03095579091934353,7.320181803088107,4.341486424869849,0
27.523745294376802,1.933875017527905,0.3879867599468695,5.143814460720851,3.7083290215891593,0
27.915790437258487,1.3161561049767505,0.16002493646319405,12.643533864364274,3.393696756405475,0
27.89618142794554,1.5072348086883924,0.023352096328185912,11.237430848640091,6.826881735557399,0
20.912061030486903,1.041572859050392,0.7562136139501768,12.6230262450096,5.3974389001686625,0
24.944203047025816,1.1483432009620889,0.4585230088818907,5.389380166876656,5.914625136946411,0
20.575587600166443,1.986630122958847,0.2892447719726545,13.371196278306522,4.26145497306447,0
25.495288823237356,1.9651186964360456,0.9000831830164807,11.195262000363034,4.572588517976061,0
30.239975147997427,1.0049399809344095,0.11613896020052561,10.633953507126401,3.947695975586894,1
28.877041827583,1.951811785423239,0.9559188289553192,11.246140481145316,3.387862683861699,0
23.509150125520787,1.6391199378155004,0.3139667173773528,13.644332468683642,3.716126549766335,0
21.170670164276057,1.8679182945200221,0.8884036723086812,10.86936506558907,6.190056181185943,0
21.42991682052836,1.454739855633859,0.6029428764794615,10.809503798881792,5.710183220735104,0
27.61510631717472,1.5155960285792502,0.8267073597414875,14.906791570657658,5.187715503941908,0
26.18218063316261,1.4888465802569202,0.9840131632104643,12.56730167068568,4.900359491467072,0
21.011226761227903,1.6668642575461043,0.2884054378187457,9.422938054511352,6.689737134624497,0
20.841068061149976,1.139651254756313,0.961135485407593,12.073970000329277,3.2909397911146736,0
27.0096913145912,1.0299735898726778,0.38948189490242036,8.892304716917884,4.122403252951663,0
20.727630063641936,1.307929941591191,0.3855119047369223,7.28875462483499,4.399751414282856,0
28.218600592903563,1.7046807627366467,0.3403871042545057,10.968518768877594,6.129703248851151,0
27.062422271564962,1.2018534521229483,0.5414076073475852,14.281820981139514,6.970058480647886,0
29.233363455994706,1.6734324333249173,0.1541450431784871,14.291395200154627,3.9626820590286123,1
20.84837714085192,1.9699120461072703,0.5537114853580112,8.419052781054903,6.4972293365483225,0
29.866395785011754,1.0939007157894185,0.541704812410004,10.27677466221695,6.322491041727165,0
23.7427079575612,1.6726021182251263,0.76190181260487,7.1163589856986125,3.8986295905670665,0
23.706421470668907,1.443750219304571,0.8336499619375856,14.956311094988834,4.597330320796891,0
28.127995672575025,1.8681422543775055,0.44044135031242404,14.811179078679357,4.6386914771700765,0
29.472485773838585,1.177149789447386,0.30233324935149375,11.495089297074474,6.912882674106234,0
29.860010638228708,1.6926259522261646,0.25933489731709447,13.044140596774733,3.7235676055155933,0
36.61931734842322,1.83811528964811,0.19462383670487193,12.151001612837,6.196631884419128,1
23.762595855309158,1.9446142194740232,0.05764758219902488,10.931582190394682,4.336770856692439,0
20.83500716698669,1.6832480282896458,0.34244797883471334,5.533479969888977,5.923481383104642,0
27.771469159274368,1.4971747640084274,0.27024769213078326,9.54764342552661,4.680044017182651,0
25.58404249735805,1.6178472402012138,0.9664173858664074,11.747863021674105,5.31343905246616,0
24.242220092469765,1.8689049844787182,0.5577088262500439,11.775316138836846,6.3304470933045245,0
29.06354385094736,1.5706097466388296,0.34727703903050755,8.731226184223836,6.216662259935537,0
21.111974823061512,1.030387059696837,0.580467600993696,14.416919866580306,6.4656927341588,0
31.057637713627624,1.9309486955069777,0.1391967013456955,6.6735703223678104,3.238469301378636,1
20.11353644767419,1.6895267510315612,0.4440437492022029,10.003594462155606,5.768202212158979,0
24.686606419941263,1.6765133857772465,0.6262343214210638,11.908839765508228,3.5599495068870515,0
20.563032756818373,1.2156751523977172,0.4888978317924514,11.971358058918092,4.663274272073644,0
21.18817916268072,1.6588854702326572,0.40177880065432425,11.486389567688155,5.194353660218754,0
21.17526246777105,1.3938644056541585,0.9938483888996982,7.752882134518602,4.6109579389873225,0
26.492103021160638,1.651232977041492,0.880314762148927,6.5620656868662195,5.07844670321203,0
27.460448792654233,1.1065930303079907,0.6234059581594401,11.359403268267108,6.986105235194477,0
25.833687650971598,1.6578453046030361,0.5693773611822828,10.993021161394378,3.540869254851419,0
29.62172548474542,1.9994137257706666,0.620660479824584,6.7935601028924095,5.701824181345702,0
23.74870579523704,1.048212038860556,0.20131210782243325,12.051391455705634,4.584003865542461,0
22.857120862818608,1.9771741842213173,0.3951377432643186,9.551719917336564,3.532039195629315,0
28.6859912818946,1.4069079607228705,0.03945953289089932,11.67760591603153,3.634947053497238,0
22.235958385194525,1.8707534503372591,0.47554603748682667,13.373670797701507,6.797092424982468,0
29.632225394406113,1.7823854840582736,0.5430245839576632,6.697284285769232,6.518405986847048,0
20.121544746898163,1.5670162609866678,0.2277497361032096,5.191448679968367,6.628167841660087,0
29.698788267076388,1.7384492092513266,0.9640288471655137,12.791025863957868,6.9661311033095465,0
20.431599119505762,1.8785155613013478,0.909454610937242,11.09697425152616,3.833261560034072,0
28.91143113698071,1.4041403216510329,0.7221432354559059,11.996395696221217,4.4217573494562465,0
25.277011090863,1.3270331615632387,0.5333866287653626,13.381549749886425,5.676876119699466,0
37.2749466831436,1.6675933855635847,0.869969159647685,13.028109348245005,4.935210159442589,1
20.737965647353988,1.8078459419412587,0.1306523438234629,14.609201469288246,4.673558133513334,0
25.538542844013207,1.7622851347766157,0.790509794274885,10.359350788521182,4.431244997342372,0
29.69302535619099,1.7978136488586345,0.1248208139668483,9.884956326599053,5.375122527773809,0
25.230978441701488,1.4355833148129329,0.7942106625494054,9.0188719989073,5.3023737145603285,0
26.293986381352624,1.8178342161750216,0.27576756825135695,6.536910428442045,3.6458313362569603,0
26.957486889846173,1.1202090553706086,0.8770905810181889,10.726072328820225,4.886959350073756,0
24.545410647677734,1.5444890979608497,0.9440420938253978,7.770125243259788,5.213887104839399,0
26.275580800840636,1.0057586604981217,0.14879596940511564,14.213075122129755,5.281147754925562,0
25.843143119231,1.3245858299002702,0.4626756050653935,10.831908042770976,3.840428771649407,0
29.01158010490989,1.366461534871398,0.9809873781626851,10.928401805081101,5.969085569009147,0
20.45446380341458,1.3961726916092554,0.4834074359731466,8.549246608770101,3.1007963792842785,0
29.87816205547245,1.6954672066898622,0.8635475225145451,5.519893519777074,4.419327422172651,1
29.504114840765588,1.3885581012703456,0.5887315221313199,5.317437653729886,6.120850594142534,0
35.7321343319982,1.4486936226225307,0.37532990791960186,9.233351441531976,5.255571684221609,1
24.55656752785713,1.2375441308743276,0.2857835555258702,5.845653780972379,4.0446497300434405,0
26.20132597801537,1.37325179162934,0.20322309108608727,11.068469555401391,5.779812477372191,0
22.773811829811326,1.2272696272631514,0.7617981913776972,13.809730056396575,5.2695637766242935,0
21.881211597237613,1.0731959237684436,0.3865405068230279,13.829148165187222,6.184974437825549,0
24.63698404939982,1.603448593381378,0.5112754622007512,11.590454101322324,5.9401007447592935,0
23.533522280260527,1.6682127985550164,0.4923254800011819,7.11231831472931,5.440431688144939,0
25.83656111850872,1.6194903460096146,0.5772790292331312,13.629968313588721,4.952710701243256,0
28.644505496428152,1.4634940438005724,0.8655771456245522,13.860934353132082,3.5327285026700936,1
29.743948076661667,1.3797857801792297,0.9807393435834294,6.966535849529587,4.0453320715415355,0
29.86210744479603,1.8633336495718251,0.40758420857381694,12.374260857706773,4.676397891668341,0
26.98161714019745,1.5190817851362182,0.8275189221063031,7.86519548927123,5.397197148025555,0
25.360963663441204,1.479181877629731,0.7645277946547177,13.026403123529297,5.05483142086122,0
23.09527616286328,1.0256420658064358,0.5735289514555733,14.972378999036026,4.152738103838118,0
28.137950197069486,1.3412478276261564,0.9560471436119331,5.300260053293928,3.025857431158842,0
26.847311725538795,1.380195618785857,0.20047451552840279,13.973658657909318,4.984956887603255,0
21.62616939344891,1.3988227808969005,0.10926421030962141,11.22630533598658,4.142503954248973,0
29.109271844938426,1.5801723692273324,0.8539619669554221,14.733826191648213,5.93843320284214,0
28.22537242923169,1.5336025467268786,0.4391498166337483,9.650095175264276,3.095785061081934,0
29.49799913291924,1.6079050927934446,0.8469688542070605,13.473879305713737,5.339311245223163,0
27.2571950838836,1.7648832615421282,0.8930902051954149,5.623940685982772,6.765896950024262,0
26.1341519593579,1.8129857387160935,0.06245759361907144,8.352790500782957,3.697637068445998,0
24.18243036290619,1.7181230762264943,0.8834647629860607,5.6701653775121,4.886597963002382,0
29.327284833540133,1.9555236959549347,0.4483190553694222,14.753431334790704,3.3656879672685527,0
28.660638895004084,1.0182325826763616,0.5104324890042322,13.169739072718368,5.5027276490454105,0
20.452186701061894,1.195777985683546,0.6265925110932102,13.525474212459706,5.202126722384902,0
20.26366974497252,1.007562874978142,0.9263826067300868,14.379652314338943,4.629462096851329,0
23.764633668780498,1.647474714154603,0.01911609442976403,5.851034861197854,5.085508085894965,0
28.105533307818327,1.898030548949987,0.4768434683178171,8.855975925133333,6.586298633876041,0
35.75951810144816,1.2434822965762993,0.6877220424305607,5.710348890440021,3.785177209244268,1
21.504168911035283,1.9270345447963066,0.7227069576982285,7.107931015500286,3.090258046821389,0
25.94130715352135,1.0602673902895607,0.692532431537108,7.293657770376724,6.446659538796403,0
23.808908566310215,1.9344360268055143,0.13443512940812186,9.691072110475787,5.308468329551626,0
29.699143978146033,1.3516226872396344,0.29939558837168123,7.685621674536426,6.56263382184737,0
28.421189231357086,1.1014208284492164,0.35871552541701346,6.009781068177611,5.387780893652691,0
28.38328704711138,1.4858717591863257,0.804437207679505,6.674910890941077,6.24064435983881,0
24.6869315979497,1.2567765677205078,0.278759872414553,6.472755635520909,4.718693453420592,0
24.14819502337665,1.284872901961923,0.21070496386720317,14.730767979122984,5.999439725153075,0
22.734070719307063,1.3072899649262866,0.9574480190380962,12.592925069184737,6.6521658675594235,0
20.563754966509272,1.8030258978326634,0.0088632851134689,14.67761465269562,5.288491854888825,0
28.64722376255053,1.5391612766752545,0.9978208556819782,9.397404865079086,3.723140602249518,0
28.129010091300778,1.3113076991560035,0.6768212988573956,7.783684816626566,4.075190460120792,0
29.997176732861305,1.6103337833109184,0.8284692994491171,12.982931972091867,3.794578307589623,0
29.966368370739055,1.7161506742231936,0.29461939634619316,8.262539180411467,3.9874281103829317,0
34.581797286187495,1.2726240007335337,0.014315277667059978,7.993833737053483,4.225661797404145,1
27.689874151805107,1.4135491015253514,0.73786951856153,7.325059922078312,5.220535147012754,0
29.447657298824282,1.1218860933369474,0.8341445970006758,6.296789782242353,5.351966517855331,0
28.496473906774114,1.1811493495346803,0.7404761319535191,7.56463061016766,4.705998988967444,0
30.901739763757973,1.6811178539649827,0.1428502873008386,8.553197484738877,5.461683119283341,1
24.505441353100935,1.181438347695627,0.7534279222569691,11.739942081457304,3.3262997024454637,0
21.29159415151495,1.5251633836670602,0.768922782107641,5.625648422194516,3.35115294823264,0
29.540510272587223,1.7090462617224327,0.6585405156700549,7.1050693966534295,3.687317841430634,0
26.0617463445088,1.106876923094744,0.7661159327955862,13.090236402916764,5.0723099921613795,0
22.286428055034627,1.5673122196289035,0.8459214396777321,6.469219235837707,3.8559787147932543,0
26.717006844058567,1.2565627837013638,0.6136041142374584,8.426451465225215,4.133137613970309,0
26.18128240457896,1.9629268752375797,0.08860471396967906,13.6465892185814,4.601251344691976,0
23.581627180328404,1.4835456467199246,0.48762780966721087,6.549253111434426,6.24746449604152,0
21.135575921996292,1.805992549775158,0.07764933467160506,5.827368356181899,3.0554485436514405,0
26.715731955927996,1.5502265421562618,0.40754303103243084,9.845379950800108,5.59751528094649,0
25.203077009037933,1.0434125328548192,0.40710648912562764,8.024195112785364,5.675506124162741,0
27.723183917356394,1.6331513755940223,0.06600984414024158,10.63408364483854,6.194623121426546,0
25.201635011119933,1.951403342206657,0.3488205339694793,13.038048904834751,6.731011756241253,0
28.521815003185402,1.6016118201463312,0.11099809879131484,6.371484881527431,3.0805513957971593,0
25.519068387744856,1.8191888594267902,0.8082352100092222,10.806990845542849,3.6151348220528647,0
25.609379715353864,1.884206463348408,0.9476880259644708,10.055087603898638,6.544685176223972,0
28.766536026583452,1.2280797719489325,0.0723164752579386,6.440787860131996,4.8340742487480615,0
24.03482866212397,1.2120448399082266,0.9551152072917014,11.239984855289824,5.258362555733854,0
21.340152284506406,1.6109809888509918,0.5225765993367452,7.7364041786077165,5.652108814892589,0
20.28782676313339,1.4110284698067046,0.2995656779538739,9.878343185440125,5.716266417982549,0
27.55137255673619,1.8398613028667203,0.07686207527616351,5.822723242770619,6.726961613266033,0
26.20309551353465,1.9000231233980112,0.5006242680704178,9.59584057213623,6.987797669646678,0
27.040797680992235,1.353421379302718,0.7945155444907487,8.064634680428203,5.880629843723761,0
22.129641615089106,1.236870558974482,0.7070864772666982,13.223812111853544,4.148884836820603,0
21.363714755867697,1.7805255152438617,0.05022601146397376,5.569787269973682,6.519009609177374,0
20.145446656678818,1.274806035548136,0.07290183536790351,9.1860727491833,3.1968836581630464,0
23.50587558806597,1.8226143185136783,0.4028732826326371,9.584314241314381,3.924323411497985,0
25.89917686854633,1.4237382536487628,0.2952904940479433,12.250060762991186,6.58954286985486,0
23.92244045099732,1.6675498992914703,0.23238432305604784,10.74287575090211,4.02476605775742,0
24.37474922023729,1.0955353138346682,0.2810044989087136,11.672123371941812,3.882604238486994,0
29.041586944937485,1.6238593246765731,0.8034827432968846,12.770492856517562,3.552501172560989,0
23.482554670233004,1.4517676787372291,0.9292280536318539,13.622029736581888,6.436447030587666,0
25.139894891598107,1.586608463175474,0.4051026945275664,8.138754967224706,5.000233036764347,0
27.83653012741143,1.1680142077448634,0.9061110021324971,10.380227053639029,5.699572812216619,0
23.9654278232127,1.736873744944182,0.32149570124788196,13.401080784391999,3.9562655363001187,0
26.220867002278734,1.8627970775432285,0.4764369863437916,14.894511309650564,6.0321616840448655,0
28.62363708746745,1.2167398000907756,0.22602899781599972,13.895193110437631,6.040022179848394,0
29.495206236576422,1.0957145555201617,0.640476042175844,8.714672626243768,4.250392099633201,0
21.47073480929038,1.0236385860463364,0.9789811151748089,6.951665172186504,4.642730532041131,0
29.265876251614944,1.641971500443266,0.6034930960433786,9.893925374065887,3.8387611097208034,0
24.921162930795383,1.6070940360887809,0.35781408411354887,12.416414518360423,6.906244093291617,0
22.582443882989583,1.54669741271407,0.6478174459905284,9.925690707532976,5.582410308233646,0
24.591357562382612,1.2319470961159755,0.12292067846538757,9.831808633136685,6.738175522862062,0
29.80032575285477,1.3909059959055146,0.8886590802653986,13.382304210818006,4.213542174516533,0
24.926180939928695,1.594476335186173,0.5030839507798364,8.614037790671864,6.127563651987559,0
23.28751610287508,1.4967668588591694,0.44934974203964206,13.597946748116456,6.0634345755389685,0
26.334008543167258,1.9877855202148873,0.5858647884535192,9.068048009517236,5.766622607466166,0
22.401456187781932,1.1364397525567331,0.6247838627894025,8.282331056783395,6.862555901067202,0
20.758633281086638,1.6951445540475938,0.07177580622651303,9.53989911199699,4.574221344425262,0
21.288797219106492,1.4043187681042921,0.6826172212234024,12.624469586748685,3.522869294359029,0
21.280458389577724,1.4281996149256146,0.24193168031552958,6.260020278639943,5.686835436976243,0
21.519026935122945,1.7175977656581762,0.7139526325065898,6.964192158720174,5.917239201908824,0
21.3882717264941,1.6924361513243698,0.8225347943841967,14.514448256630919,5.300242293835259,0
26.408747448032145,1.9912559937021883,0.8039585075525203,6.754916273813574,3.827271572533585,0
27.210309196389233,1.1283942894541252,0.5525009674078891,10.677273179310546,5.017823766677422,1
23.45667283323863,1.1041096493841662,0.5201698923107512,10.793144666619378,4.248758946276517,0
28.967884099060118,1.724338817128741,0.14287596133941172,9.896244620502447,4.709866112666756,0
24.739616402628723,1.578386917006409,0.7753461504031356,11.447452485768185,5.580874303378655,0
26.67557738521027,1.2741606665598058,0.27140938044671437,7.2982672579761845,5.980858970763338,0
21.7231987120163,1.0794193689889866,0.49669542281794654,10.526622677767481,3.9288987636053725,0
28.106878115367607,1.0856582495964306,0.2842740929275167,8.721732552468971,4.621301442587813,1
20.40868616266479,1.8941908746641183,0.13382836299969314,11.61667259629189,4.076646283966516,0
21.689350630721645,1.1918673247187428,0.6295576968917366,6.412235433731494,3.7945264554474765,0
22.785903390319586,1.3233715621155206,0.05433203482290383,10.708774168394761,6.133548879983353,0
21.770104842767466,1.226656402226988,0.7486452341262,6.852703553833237,6.637010777747969,0
20.887025337570556,1.3549963058319374,0.31758679526111666,7.786430631150364,4.480928742738307,0
21.206358711006008,1.0694238427460934,0.00013469300448532007,7.187098003235832,6.005115697495068,0
24.607787680327256,1.5190597909082704,0.5111291392372298,6.828377798688171,6.587981157457644,0
22.063337184057925,1.067612563592215,0.046851908527603126,13.25710951560667,6.384496842120926,0
23.642698610480753,1.8003565078223616,0.27616955782089947,7.857075676608903,3.7312535541569036,0
25.034172708548567,1.233712081910433,0.7069764874557162,14.271237818644494,6.825167526053445,0
26.903948286293655,1.5400119146045106,0.06268962162186587,14.699265253451909,4.50670576171785,0
20.39312139841099,1.8800790875614584,0.8393384923560023,10.712604699370974,4.356962644695345,0
27.994103989090426,1.650877369047194,0.003819922658583108,6.430011226657264,3.2497253091111213,0
32.47566532764587,1.5329577865513353,0.24682386920190225,8.745482433795813,4.9446946164195325,1
20.81759031948872,1.3243337531153756,0.7409040561520714,12.97732263348214,3.436054462563715,0
28.73578624106777,1.3330019130581978,0.3162701497293068,8.673907286970705,3.994159283709704,0
29.208724005318132,1.6694869551981901,0.10189238806601353,5.870172183027887,4.267770487069125,0
29.953543752477827,1.9941393612211675,0.3602339188004279,10.56784910928188,6.235305293966736,1
22.768776481472038,1.6618391898493785,0.27039328638452553,13.451208514960348,6.501954601583586,0
28.062012797930613,1.557783417370025,0.8427119021605549,12.959263871435024,4.209865269845879,0
27.482596903836583,1.7306505102392462,0.31334791758514313,6.751231401303532,6.434792484978296,0
21.845210193563773,1.465205612283718,0.7889324717760072,11.727646144124666,6.428923749479164,0
22.093493233367102,1.0601423426007852,0.8918721448107347,7.205042634356471,6.058603801539494,0
31.309149941417218,1.5622968158779098,0.43381741957652953,7.1820753455217226,3.586780456060726,1
24.84522985191021,1.9576252845053803,0.909943143854392,13.740717733051852,5.761291387602916,0
26.18254771530296,1.1753029423576598,0.37731805396319285,7.496689527402301,6.780096258322275,0
23.689136395697723,1.6900048908206657,0.9640784164901082,7.632473465180112,5.730161915068628,0
24.62534716133148,1.2009336886590565,0.08928952452557293,5.0065339076129955,4.326467396431336,0
27.474709381337565,1.5358276844730812,0.6870192665032427,13.706690341255177,5.002317269723325,0
20.36683202890598,1.0966764496467196,0.49381404045692867,12.925948132091348,5.582900173404214,0
22.524369443440207,1.4503709362581851,0.38764880545564706,11.27328935090678,5.042281634914014,0
27.133495858845524,1.756163328895246,0.6327118787486009,12.502657639388422,3.4798117669238793,0
28.952068376871992,1.347571524238982,0.7038570916343312,6.520485674244918,4.248256178608083,0
25.116774421156663,1.664911724487218,0.004363269650309087,9.583235945875755,6.20958412221453,0
25.321134852653156,1.7954499607897292,0.16695308874719872,8.51219387348781,6.44567218438207,0
21.07172011339776,1.9271778194794527,0.7130460506343187,5.937765262570165,3.549200130862281,0
24.474123668234547,1.2346420818554535,0.6663854135782065,9.86130485214924,6.8095470095948984,0
25.32617266455023,1.399315915809308,0.9660475051286772,14.207396503426354,4.315290471394437,0
22.424705036347298,1.1524160133304173,0.761037790250783,5.400591190506945,5.649254954922879,0
22.69243230949381,1.9924835021583753,0.950772707731338,7.914609134937939,6.007300583826725,0
23.772841631046226,1.9270009679242954,0.702540501534807,7.075409362057035,6.247784938551534,0
20.200711977777264,1.5399571302805595,0.29805220863944315,7.381466536656963,6.78299880890372,0
23.220791655831782,1.8420332943764213,0.10536492225085647,14.084345518793754,4.251678192115291,0
22.114480069965445,1.520957977272042,0.7818238633449356,9.680690542342901,6.4340258182062176,0
23.274973521779145,1.6235856880027597,0.6441492214759159,9.662994129398188,3.526747613744828,0
21.19762131819251,1.0891244321160167,0.04818601239329623,12.605756424552823,5.820163625414371,0
28.90527280739895,1.755270420496808,0.36005046590097833,6.544922040049258,5.967910918055944,0
25.935924535540487,1.127713483635235,0.9567998154842862,9.872653541000508,5.710892964805282,0
26.791023191444896,1.8260676302525285,0.5004011457102012,9.299852141210597,4.009258944540612,0
27.891712386073383,1.782028087670386,0.43272913601970464,10.96910690546656,6.492172588060813,0
31.732035995137565,1.7087446977429765,0.457699605159294,14.995577032504386,3.67543385348158,1
20.869202880874237,1.0361603805247621,0.20888272400516372,12.69448894082047,3.2145391660833234,0
25.371065418185477,1.3031283559453286,0.3687071708647952,8.978657030174272,5.869859962447649,0
25.868411180208792,1.263112569910843,0.3698132559871766,13.27553052274047,4.901902860930935,0
27.454394741843302,1.360136407471519,0.0523550201874724,6.707083633124801,6.396392079834705,0
24.316595462296796,1.0876427467638385,0.7675676285179183,5.304636863089601,4.533588564233035,0
30.367342116332154,1.936957823031063,0.416504431903879,7.04448372464273,3.6731143540308513,1
22.837759057987245,1.5538022407123764,0.8221798868164233,8.404115561142596,6.345768769879479,0
23.63082296398635,1.3055243106580234,0.8503480011198954,10.105807574595598,5.195638526560287,0
26.45917241331601,1.3969815170742834,0.21199405469865806,11.151291405411998,3.7567831695614196,0
35.14299676892393,1.4472025405048357,0.6573534821701286,14.106057172144217,5.881535994345783,1
23.56096725897846,1.6005943333606174,0.4722818041629817,10.098540095504577,5.044454553958002,0
35.28496530516343,1.5156794276964978,0.8801567379214851,10.012756446257294,5.41725192896128,1
26.05774819356887,1.9193919732144173,0.21574067917645412,5.502430098229821,4.8435933528263275,0
22.372267917359945,1.4969634829058303,0.6778132003100442,5.3491155265622385,6.314835935272026,0
29.420628056898224,1.9921580148233127,0.6077521222527226,10.511599619163722,6.318250862732199,1
21.52859139184332,1.8514249577450959,0.2953014775718328,9.381786132483445,5.837555287297545,0
22.459577283845082,1.2085105143573358,0.1366009036511726,13.391803949802986,3.421605509585849,0
21.60681373259556,1.9305952146439163,0.6516397604772766,6.606795847118452,6.355415447616275,0
29.127504036545908,1.116366397885476,0.7385974581323307,5.249716621170496,5.684051922131639,1
22.850951686938473,1.8174497084911916,0.31562734376335,9.490387679301259,5.788096664017198,0
21.733735952947548,1.38062329347658,0.6448326040223138,7.374785567522575,4.451931361615486,0
28.967654246264253,1.8779743204450696,0.39513090761150327,5.496143733388374,6.517118224628026,0
20.80233745661642,1.8680566901074505,0.7132068832826177,12.24598286847629,5.9014864009394294,0
31.05791992535962,1.805925400117621,0.1992152748940531,6.115929999572475,3.450361866116778,1
24.103968269896615,1.7900304363070614,0.8902150026361744,11.083195000077717,4.631112137624651,0
29.823786169086063,1.3046791390980408,0.28740959646557973,7.810497501668891,6.545521447840567,0
21.120389021680523,1.0809192830512522,0.3677859877561529,6.73496050355022,3.188786806789516,0
23.978555990457416,1.4029801787651615,0.058091952080349785,8.797515229193174,6.845666478568198,0
29.694704332753687,1.1735245149865086,0.1115122123212764,13.014457762229537,5.716650273278251,0
38.21323582748218,1.6949510889024617,0.5158619027123281,8.920935769045727,5.525503910573507,1
36.29128780972107,1.3460997265377856,0.2675926767279715,12.507696492110558,4.082237025951965,1
22.5790282704494,1.975610200859915,0.8354802257421944,6.254862967991507,3.9951671549567083,0
21.70887587390066,1.640972077345332,0.014693388654953843,12.72771419665079,6.768232877954382,0
26.686432199244308,1.822480563634361,0.3790940486719362,7.369333249066487,4.1930898169364905,0
29.293759891275858,1.1325246727418485,0.3373455467690927,11.773931298888728,6.102021186875998,0
25.5676289301393,1.8620144822726226,0.019327630917601035,10.657815548409964,4.572487192828317,0
25.716126894699,1.9227571905133942,0.12436839900051022,14.291447172116873,3.557016283138816,0
32.33047861724024,1.4870619188189358,0.41364267491863527,8.87322517975314,3.042861190781436,1
27.69492933191937,1.6062529377509773,0.49286458444744663,5.661651888344404,5.177029348061003,0
29.33747098764221,1.7648098009029956,0.4042897472548691,5.191554855512529,6.903115274195731,1
23.236792364042437,1.1748386272604125,0.5309376784120938,13.26858560972753,4.4765447752368175,0
24.25436438616417,1.5025660764634425,0.5951316749056815,10.247356376614322,4.428769335972179,0
25.07610378684455,1.398663027772313,0.00992382112783563,12.752440518349493,4.376366471397768,0
22.424097324150804,1.1463739921622491,0.4640951594535039,7.344256000115147,5.082175349219433,0
21.148368247392035,1.3675344222915315,0.9634992408875883,8.450837455132337,4.762659533697175,0
26.106200424416325,1.0681723093854936,0.5190322801295487,5.301038722113189,6.519658506908058,0
22.88630553240256,1.025811906949487,0.6775422674589532,14.614923245741121,5.022083166893961,0
25.812382214226123,1.1351662891548226,0.3118638579168832,11.678679067008133,5.031031352754275,0
21.543627152742022,1.9631151115891738,0.7739913781527625,14.332050877593062,3.5534863788822264,0
24.811401018548175,1.549529535895017,0.7729214818761151,7.6549640742907235,6.930958163641543,0
25.325894325515858,1.9658221611532198,0.521296047654139,11.114636112256608,3.9998915634753187,0
20.518235368224268,1.4324978783301319,0.9760138232792136,11.784999682926378,3.2934562698384107,0
23.366042781939207,1.3118161330852596,0.12555021476265338,8.175497002575884,5.652584995900835,0
21.34414676938974,1.506141862840244,0.016947664889580993,13.4810923501563,5.38146548062749,0
27.131531302802163,1.4395116886329102,0.770158211757096,14.471614629002477,4.6605826159709824,1
37.054520968140466,1.105664684261744,0.8071555373648825,13.848551176960044,4.688768935522712,1
23.22353844974723,1.6408263146902062,0.12020722912057624,12.390669759393726,6.140255684185725,0
28.09874445854635,1.2160381825095996,0.2655828329586061,7.77464679724954,3.7828505603985962,0
27.93038496907131,1.6195879548978296,0.01755236336662891,7.816160421056317,6.281013275779559,1
26.815027222239294,1.6502010923981534,0.2933086107805647,14.633603204460378,5.594988455580072,0
27.602278598896866,1.152024853128648,0.7731418739186715,5.10284495935692,4.6758790951180975,0
25.95638740607844,1.0613496271106682,0.5179605277125789,12.160499732421446,4.832114466335474,0
24.715761885501585,1.7807615860684398,0.3480955931682881,12.062461625552622,4.026588828744384,0
24.118409141472686,1.45980042376932,0.3717392949063303,11.226895409497974,6.008457330787899,0
23.488682665429952,1.0581637955054757,0.0013536257154681541,14.901088460868658,5.051498969221071,0
29.29529144247826,1.9948663171697671,0.2998005275652359,8.118794357637253,4.283418170999374,0
28.306194077877294,1.0577805609963666,0.6464587416379305,8.399718637932482,5.3842004630438005,0
29.650269106665128,1.6950352288585533,0.9741944438163571,5.789394029465555,6.982937808205293,0
21.242972234855447,1.9836789252634137,0.8470608269838995,9.427981365437375,4.741049118626215,0
27.308674752036442,1.2391801042159256,0.023594964645529126,7.610485262348481,6.682765603114478,0
29.38340456821038,1.1422493686871962,0.8985606046748393,8.433867021776443,4.380067359698264,0
21.812330661656603,1.121384939422429,0.7831984132986259,13.345717902556277,3.2189308276999435,0
20.664962673667773,1.3032751475675957,0.7803761235709804,14.354845135274957,3.8169684254737155,0
27.41120649290059,1.1010458110106467,0.4579957590035715,6.8573307200518565,4.674780573310737,0
25.74473113179912,1.692161341694132,0.3980052929545028,8.725089315534658,3.878539714378276,0
28.41828776758272,1.0622917981300626,0.3029157288331926,14.286305621153941,3.000908152873022,0
21.397723766262896,1.5094221281497897,0.06569485895436578,5.618084606892227,6.6600061509901085,0
33.444397726549965,1.9966968538529768,0.2282353634936991,5.923605281113785,6.3755176449237165,1
22.016273200477446,1.8139702695060187,0.24660363497802462,6.627909892062293,5.9691689259477885,0
21.636559428657044,1.6152194382310108,0.4840770697102016,10.952128341268747,3.6712583825841145,0
21.64265797930993,1.3062536207866118,0.747444406596694,6.5047227100599745,3.4814543048399442,0
28.14574720231382,1.6238958362916385,0.4738098283979466,14.680763814507335,3.2704189978895326,0
26.651972206962,1.5270414639116516,0.057844449447160606,9.467145272585203,5.896116755091684,0
25.23065424769119,1.4260833838903715,0.9577898009882039,10.015179603501664,6.715231842751541,0
23.588304841235026,1.1307103767401996,0.9427243190941123,7.466586158054065,4.722143283652148,0
28.772005408131083,1.8866042152404667,0.7851895431484084,9.709602524347336,3.4765626879841927,0
23.924451074226354,1.4497846488213226,0.9913279015642206,11.619136326370114,5.049571282928426,0
28.16599439471577,1.1946225118207652,0.5444823328002629,12.511771369540428,4.3953276298345205,0
24.391349085702185,1.3677593508772896,0.9627683502532061,12.53868082709913,4.499299697399991,0
23.769444294249077,1.4141297525289271,0.07560504061675077,10.778911126940883,5.485322496622829,0
24.626797856696065,1.8275378955668744,0.3656807482613713,14.043597749938572,5.874872453048809,0
23.01377874164142,1.7336143805614022,0.22538126800676583,13.174078473061094,3.4424143954926434,0
27.47609380176251,1.7693048936413398,0.19583308413427003,12.570481146986253,3.1423609232259055,0
25.027203900924793,1.0110312644286472,0.14080294889267608,5.556055216804606,6.9773212107428595,0
22.322126951468174,1.4161539981797615,0.6224136415659967,5.068779622196493,3.9309133956622073,0
28.995745732745682,1.4813441516353236,0.7813218557473051,7.124472771954729,3.2153220996338363,0
23.838912213732115,1.0191922768230568,0.5782983994203607,11.635235939134523,3.75950131638368,0
25.435528611139887,1.2598132087450342,0.14696270958820967,9.111974888825458,3.155831385393857,0
29.06472110964547,1.7602898231221351,0.8111237699334709,9.024062592993118,4.567243578468687,0
35.62080559707045,1.137109705728999,0.6359547071637285,13.845868882296138,6.209607137805297,1
21.16898040708364,1.5353101314525917,0.3881657061269955,13.955628481318387,4.364977799030882,0
29.398321236134752,1.2152018720172375,0.674130295536063,14.091752640535857,4.776733627513466,0
26.27708053071418,1.0121207746438934,0.25990497924283285,8.138780765150273,5.702347094269755,0
23.34905614657086,1.2412014575995416,0.3451922084942105,11.910558127392617,5.035576280279521,0
21.392720726633872,1.9758737549100538,0.9174858431319902,7.716331812743697,6.445782744085297,0
27.94025189270296,1.8015371118829897,0.2905045056714204,6.906098330744498,6.464142700183026,0
26.200727559285134,1.9595766443210334,0.4699882681579366,6.846324573473693,3.0396427819646146,0
25.334610919763215,1.4878540439263626,0.8901411373960146,8.42107620863594,6.112185225932796,0
28.938925830509575,1.1097361986775036,0.7077213502675275,9.299576197798217,4.842934400966696,0
27.885972112245305,1.547959488973693,0.06220322616470275,13.309491710550684,6.955362165214652,0
27.05286076836995,1.4543773345599609,0.14730304427897034,6.198910934727121,4.932928303501741,1
23.117220677955483,1.844357082739616,0.007841590771916818,12.349258473948943,6.94758378155319,0
22.484891398144658,1.0980825807842445,0.6309217902291634,10.314549141893053,6.018277444822946,0
33.734270950851645,1.4882411370217783,0.4476734254104183,7.879453426759925,3.9944195384532253,1
20.335324347357794,1.1500486646939843,0.13427485090227553,9.928195845328247,5.15357991714783,0
25.698896848713165,1.3246759268900599,0.9579341210567704,7.999420697770226,6.968542557914331,0
27.624586857406904,1.7373570773877995,0.5296597239456199,10.960819552383061,6.430122431007694,0
28.767656367617494,1.4760181293687666,0.24189329411288918,9.338439228552442,3.3894675751648844,0
23.420817487159074,1.3758882851457694,0.5006035711547075,6.6440552907887875,5.825487987239985,0
28.21257304672013,1.3944762785700353,0.6796203327351078,6.165830745556967,4.382318343483252,0
21.106317369552073,1.4594467684059866,0.07623921797356448,10.4669568207213,3.0279290475213925,0
28.46452291734518,1.7850165438370569,0.274703815047892,14.024130332861034,4.613923876107998,0
21.274886623319823,1.8920846889402343,0.8069654908839936,8.439576865576855,3.939017686899885,0
23.972872905603673,1.9553346865039283,0.45966487040266124,12.330001072226231,6.275477082081887,0
27.972953657795536,1.786903386255295,0.5465771420322949,11.586613549397669,4.349322435383062,0
21.49917427348774,1.3154068957480127,0.43281600220946925,14.31554914309481,6.310094775815268,0
22.292513952326416,1.6881347060865421,0.04389994264300512,13.209810172991409,3.0023917553391812,0
27.222525683930662,1.437603124055392,0.16574977982015593,10.66605258905463,4.231276600104477,0
27.200365365460744,1.254670622046051,0.4455416387418909,11.570304982341073,3.9646608572310478,0
26.411476328852974,1.8408715794259227,0.20918546540792782,13.983864665840349,3.934269444274444,0
26.939484444671002,1.038426348962325,0.04997902865967874,8.995187845869347,3.272746479061851,0
30.44575646763805,1.9017619921354236,0.8436496640518237,8.267947058577773,3.748497081642007,1
22.517990589069527,1.4614774646247342,0.9811925291641158,5.108110836351964,5.2221982795424795,0
23.456959935039194,1.6372014768082805,0.7931428739967394,13.265510741914643,4.165444291350978,0
21.815977168014257,1.6593539222057827,0.853784921704667,13.009807004033648,4.669579129316592,0
29.084505613336283,1.8951177407065365,0.24197713031704537,6.044545181001514,4.5074675213887545,0
31.70372238614233,1.6366696821672073,0.9606269755131998,10.768573811327002,6.503619699999579,1
24.0085141676364,1.6139335847600618,0.19692570445342839,9.639816981668874,6.621195996042061,0
24.62005803644133,1.0666520405606899,0.9514298103618323,6.187090955091115,4.971827886623441,0
29.472833396118155,1.518408021945204,0.994819293965951,14.805682270607235,4.320623801262418,0
21.533514031160802,1.1501690008170415,0.7117228057460487,7.146958874633555,3.4272028160094545,0
25.862298320167973,1.7374337687214856,0.9811437317918219,5.6723418009056115,6.81361151752838,0
25.05888678884466,1.5122219208126744,0.5695397795671037,10.948473795019096,3.24090777960119,0
26.11454235434648,1.6802277792083533,0.25954178317609033,12.388666771330326,4.190601110273121,0
20.181101838208406,1.0416729006023844,0.43699588566562086,5.32443446047187,4.192264804680017,0
28.721239089441514,1.084792016045803,0.593560935378786,11.587176387270222,4.28160514456086,0
29.32118282483612,1.7163233880626823,0.07308156202701499,10.322918759514543,3.657147373089637,0
25.65133183589209,1.0720843359986734,0.6223432646172461,6.032650088750485,6.132645723694789,0
26.966508238768924,1.0712567277652587,0.9811778367622945,6.725238769463621,3.489991447863957,0
29.224993811772958,1.0121084752348875,0.19010764978372763,10.679742973160806,5.539626636612651,0
27.072386343133985,1.95650139829948,0.7925951162883833,7.963576135132884,3.49538410682327,0
21.525390429142615,1.737508359459007,0.9078987937796194,14.38315728651316,3.2821425503718262,0
25.762883601668133,1.3532514085020642,0.9437015928202208,13.187402294840508,6.6377180147435055,0
26.06715046382856,1.2965355812876553,0.9601356044054472,14.835672065136631,3.7605150652748227,0
24.24130671302386,1.3497032297458496,0.5214596387214719,7.59670838950414,6.285000618238817,0
27.364442356247228,1.774653531181182,0.9773079079915037,14.69723632797977,5.178523484428544,0
29.343670147690148,1.6613706110704145,0.7573102071344389,9.312338697915578,3.3114260784350784,0
29.255685129067764,1.185195567867468,0.1616714362369619,8.475187953137546,6.82179276575227,0
24.508393714041322,1.1741093353340843,0.47690010646797,5.503495269693532,3.98784466796757,0
21.132380458407553,1.0983956497133973,0.718331175372004,5.527652578596026,6.438581381410426,0
29.848411989623344,1.6603027197013382,0.24734031581908333,11.920112559466547,3.6752400231382567,0
28.38898086445934,1.764372662221736,0.6406151835488874,9.579289944340278,6.4157715285674115,0
21.24662681203267,1.265046428325004,0.6666004790466192,7.265216260361057,3.052915251621176,0
29.208418826173723,1.0209449610309127,0.1626997438085659,11.139703063252327,5.047121826277923,0
28.698963620621285,1.0821716674764272,0.5650853124527563,7.528581182501112,6.077770317686227,0
25.188380571260723,1.9678600348450304,0.7716269109786077,10.776317543444225,6.739182069971133,0
25.912754357449295,1.2954447774774203,0.4988956645359419,8.592087469826904,6.636808544825948,0
23.990027038701303,1.7692231478381335,0.012103116776107425,13.23552226611819,6.27849947819058,0
28.44560002528368,1.6246635688542637,0.009038469079292177,13.206961607667793,6.552765398645216,1
23.35197241645901,1.381939639652896,0.3570293439700122,9.773503981224014,3.796878743348306,0
28.028534485980114,1.2056872621955552,0.926194068431782,8.508191093350156,4.136737182846915,0
20.046320230046028,1.1213864181594064,0.22867677960360877,8.625597965590945,4.155874099684234,0
23.334991716911443,1.6150129680388665,0.6343636888716871,13.05714525668218,4.508215724006796,0
23.981686935909433,1.7746337806377879,0.22207587069332058,8.281794827976121,4.573282681540755,0
25.37395602937923,1.6439042535411308,0.3216699896595486,7.09059373706846,5.178221298618702,0
29.198556164127606,1.5303021332491582,0.848042089601484,5.846883418753068,3.6395190534657655,0
23.46345994365961,1.0419512234316364,0.7288614422699469,9.666931208844083,5.764986655143957,0
23.469532018962276,1.9684887775943838,0.09539927731321063,9.82132098919842,3.670266157218026,0
27.375012481097485,1.7987141916545746,0.4287020209864336,13.409087104029071,4.24123392841819,0
24.522179408898072,1.2928220367009646,0.029169763645264468,7.21238696446064,5.013380522424616,0
22.24604822939982,1.9799703293588506,0.480890146603009,8.809912736683998,6.185762246093909,0
24.524395161326936,1.601881589636322,0.6624340117010681,13.084057388936909,5.957876932954909,0
21.408570203798,1.5824226582072465,0.11850262359815156,13.236236107489734,5.582137425642089,0
21.763869865062233,1.748073179429532,0.28888493890916567,8.846110759787681,3.6230930423206806,0
24.9836777273948,1.8117697880901376,0.3978366255021569,9.59124023286681,5.188181382462311,0
24.18925449504548,1.6564786073315028,0.9195310246560497,8.03285890849283,3.349786007199542,0
29.148459010681,1.1280957463662,0.993255015422964,14.32554878419312,4.509452707186603,0
31.34885038166642,1.3382675059944984,0.044911298995615856,6.186437657415803,4.654066121159836,1
25.805883502780436,1.9280836403260497,0.761007923495392,14.3374942300147,3.1592457577830153,0
26.322642879195303,1.224615611843852,0.37172406640234323,11.838664518353433,4.095952397879888,0
20.130944565883336,1.3721670238375134,0.39245818622948003,10.315721526867312,6.822597869065957,0
26.635373720167106,1.4320768829441959,0.7542649733470227,5.326590607844959,6.814530431318758,0
21.780359668697514,1.4394049896944523,0.9184264321454086,9.755961918220084,4.409308217010157,0
29.61070317469455,1.6129395824945254,0.9509285945025484,9.077481050027323,3.1724004357932962,0
29.555043216174848,1.9430758377447077,0.5771225860383208,6.612188119751226,3.716379757312726,1
24.14624123727024,1.240692711832505,0.3571211593005028,11.56409603500657,4.568871173734161,0
20.85349668078644,1.121501376300918,0.7875490858587793,14.711509073682858,6.791118791876919,0
29.96874251845947,1.1974704898599373,0.25100138326230026,10.621888110645251,3.5647962541487397,0
25.021950103312427,1.8869249002092694,0.5640740288335178,12.147532764439458,6.0540633746728485,0
25.953850173200436,1.645810812655206,0.35857846152487316,5.684504525660168,3.4347301574987683,0
20.670764773884276,1.28590678923916,0.6566310737078761,9.176669958169947,6.925030309565107,0
27.49960470399178,1.8159469389686174,0.2403989128935069,6.163584851644959,4.52646599643654,0
22.099055930955856,1.861369996363436,0.19159294573482577,11.127958355365104,6.100938155596224,0
28.980542894407137,1.846514338690278,0.9182390866754371,14.384821582141546,4.370364331244527,0
22.05139640482007,1.9189265336395545,0.1018036829495369,11.617777324716386,5.510675508635234,0
21.906877206636665,1.2522410201733616,0.5059579077349317,5.768030483144216,3.768064338960147,0
20.365496678480948,1.7550419287462784,0.22085278296300892,8.546662049850829,3.58408407718785,0
24.720669451099994,1.46053949727414,0.03892996332566745,10.506633794408515,6.752256558272525,0
25.648411332626164,1.8419985528900615,0.03601881829142639,9.032077561332521,6.670589111617733,0
20.657086394283525,1.7284906771616133,0.17522177210582734,13.336440104751723,6.5498757608515294,0
27.755276166950104,1.7764474464997246,0.8667703545060003,13.146710047099893,5.501733800666374,0
24.532888347480277,1.6561618376810716,0.28247874397702666,11.118310201032214,6.233072844865113,0
25.2439026932758,1.177428769469707,0.9504591705752957,8.734579451327052,3.2761477476454997,0
24.40762746938228,1.5450269188969383,0.5816222929891935,7.553363737632441,4.339156167562717,0
24.00763060875326,1.984669739524508,0.4366141897687661,6.058743182131293,4.254812499028625,0
25.596403313082178,1.9373880664971188,0.5800888346694546,8.54897683486554,5.542581287810453,0
27.0301979790988,1.0431737357970117,0.5166983852262678,9.131725172077196,4.423831093882562,1
21.81928130495271,1.1648148157294371,0.7587762537573252,11.758229251040735,3.5940271265747232,0
28.617856210135173,1.131728773454562,0.28249606597285226,11.581598242975735,5.385868301654175,0
39.36017229824102,1.7259799099852955,0.3530503916003024,5.70108139641257,6.257535682676326,1
23.73309316279753,1.817785329856945,0.8940943025332507,8.952593154311579,4.528493977839893,0
22.70744673143554,1.213511366310672,0.9464565131504055,6.817788672173619,3.529074860393927,0
31.47419917313197,1.505852692951829,0.8925582274864745,6.568127053168057,3.786752789251292,1
24.087341710980965,1.8407030280112,0.4194479939573136,13.27302149737246,3.949933220677536,0
20.25386355660345,1.7328015447662506,0.7803655030068817,5.419152167162576,4.199590371978145,0
21.561525973661904,1.5422372054918483,0.4763357333010988,9.191828759021213,5.571180282025237,0
27.159722288473976,1.5903476904587728,0.4975398521461022,6.682036557665182,5.4037819381508765,0
26.589239419101514,1.50836054691628,0.20468010905728395,13.79330215678474,5.784319446268157,0
20.270959925034834,1.2975484513188205,0.5911303032585165,10.570405132750352,4.450007938126053,0
22.219721619329494,1.565021992859016,0.18613589775334793,7.31380636376848,6.295990607519913,0
22.310747965880715,1.6888853020500907,0.33156469906719377,10.024272871663765,3.816350644623041,0
26.718927435987283,1.8733229158608076,0.8550302016199351,12.314863597031158,4.876162990072616,0
20.197105377543643,1.636291353979248,0.20707580921085522,14.581180089194337,6.203754886165721,0
21.041085819845737,1.761121537043158,0.07115828517343281,7.20446004245419,3.720634590930477,0
27.999160853731894,1.160071634954573,0.0690075926128163,13.861817721293452,3.439452454963132,0
21.785446620543336,1.46155747441979,0.9407845205031079,14.343041141674902,6.534735870751959,0
26.527461078518748,1.0093316198270932,0.5069204379618346,14.164205445320663,4.371718651036783,0
28.473343369524827,1.246678864521623,0.40941207181701833,11.354143568619097,5.735480499636128,1
20.994413927593452,1.7264617151130048,0.8108785810079184,11.298206544347078,3.101394417055754,0
22.43172190999454,1.9918099513493635,0.835825927910516,9.032106331838229,5.760187553637799,0
27.22266931855659,1.099178099587216,0.3321910331156046,12.52397882303788,4.2644052461878825,0
28.55696468106286,1.4014943158612883,0.6936180574737952,10.312940183509319,3.222963414349767,0
28.302198645669918,1.8000709686991594,0.7711228158518866,11.774380712282944,5.439251046192468,0
23.971835296184548,1.204035634628899,0.6546506868659545,9.284579038487955,3.963215264292693,0
26.68085136570646,1.5550849493022862,0.15159507480009937,12.314964640431391,4.54722896820752,0
22.04984295415821,1.7330712960296748,0.875883083517057,13.24471517604549,3.3223232491460544,0
22.931477302610134,1.6159854502601791,0.5390945527360087,6.464362566028161,3.5886530043797813,0
28.9633581852112,1.188024734615416,0.2824724263700037,13.32929715574228,4.191908941983375,0
20.130019235107362,1.3553845686857393,0.4252281854376939,10.402965317903073,3.3590380022406285,0
20.85508530854468,1.7837917844853972,0.03757109039890738,13.446659090902243,6.643305058745261,0
22.078862551460272,1.5542265141320166,0.12786680122241756,9.313017063410147,3.0241881727359137,0
29.9053932223851,1.0052296135429128,0.7655467505158609,8.79040485383035,4.935440875457246,1
21.814354350897972,1.7609907600280938,1.1634755366141114e-05,14.150607325172224,3.492989832530206,0
25.83041560969692,1.035311354940239,0.4165658284822922,7.511692675484013,4.230716357911794,0
24.21424550592498,1.7457337827312323,0.5225101810855884,13.442123252861432,6.704238239273062,0
28.92671711076975,1.2024805601652373,0.054634420000972295,9.840205725094041,3.6467782130959474,0
28.17443561738441,1.9580734801193802,0.9730781629723328,10.140954425512597,6.86332927887333,0
23.41817351697876,1.3679407513020845,0.22612533124967193,8.08468281489484,3.823177507957687,0
22.594234334312926,1.326931616338079,0.30419871963628087,10.730422006190157,5.966264433867318,0
30.47533608488688,1.1488880503324448,0.30394251225502733,8.252111962762113,5.186709059589247,1
25.902949425148076,1.3056042154902148,0.2304166621173499,5.392694142416524,6.537914910387037,0
32.24366154264432,1.8766507618282007,0.001473822086311416,7.71998605344356,5.215973022012523,1
26.24148907849134,1.9963343376272473,0.7293447940879964,5.063790434065907,5.138236876625235,0
30.469240384351394,1.3683095305068482,0.9668454997992854,14.783547870568567,3.7818320014735995,1
25.5204718085198,1.4486106309545426,0.22429348328504506,14.657472098197475,3.664917448206635,0
24.361265291353167,1.722070938202737,0.6630471918034224,8.95155297472305,6.665956604462057,0
28.17564001142732,1.8861957804650746,0.7418963269587151,12.283708543396461,4.311352795400136,1
29.484533069621566,1.5930443341867842,0.8484253790905247,8.45806098410425,4.488329019851584,0
27.636057941597606,1.3915256981778295,0.4226291970136091,11.71093157085976,6.039294633713554,0
21.401131757664526,1.4126218408486237,0.30293090564042924,13.05430043045979,4.355293929691229,0
28.68467975897913,1.6956181464968068,0.3252951340230311,14.467562446922408,6.808249786556011,0
24.874311982495136,1.0032182636042788,0.7126213330985128,9.00212275849672,5.951711075995201,0
28.945522268940913,1.6195893374598407,0.816779466505636,12.832979829560477,5.38971697029368,0
27.998552559473154,1.3554930104413574,0.18161396775660266,7.659284506321188,6.5235806421790095,0
29.525600917573673,1.7941973312770843,0.3709410081577652,14.903323037936483,3.198423633397931,1
20.224693083201174,1.0929906398231322,0.90194019674915,5.257695987643512,4.028250768756835,0
22.68677359384946,1.5882022669483904,0.8066935196947392,11.035288065011208,4.86014533688364,0
25.41634214660867,1.4809728898861239,0.9848584027624758,11.59505981651327,3.907914157886084,0
26.334782198261472,1.6423255259052274,0.7542482596820808,11.880455570741288,5.975620749208607,0
22.578876854332023,1.0648535944829685,0.39319520102792227,6.20387578789089,6.676832124214901,0
26.827475511053194,1.5799837874281313,0.5906378339946378,14.385297834731304,4.695080479723694,1
28.34930236799299,1.5614845879595238,0.6610142542473203,6.811832790500828,4.36853040044758,0
29.84402180703552,1.5606600944161708,0.07845581631712395,11.22753403239841,6.846202928550265,0
25.25690182302686,1.6034876665964548,0.5444969591038651,7.226760791230849,4.779409731310164,0
21.716792858483036,1.6764679372263622,0.7093208284726096,8.072164170212709,4.956193601797133,0
22.72307326519369,1.8049889996807698,0.16732130400106038,10.464585417281244,4.406599489367622,0
20.183906765474667,1.2698207201282143,0.7806317174255571,9.171934185645764,6.6381938920485535,0
29.14298806560499,1.825049410180062,0.5837727805141116,6.602256009765063,5.275821933127403,0
21.17751082890141,1.4982556822634536,0.9522217856975946,6.709364024208483,6.048698348726578,0
25.765164755142536,1.0770582791343313,0.042422298206891695,9.181447881627996,6.247226873403545,0
22.74055220687206,1.0585509292439792,0.26532613755546697,12.572829782755008,4.367396167669033,0
25.541780025157934,1.3342383186960607,0.6015538792998241,13.979646468477885,4.73477732528152,0
26.514203883518643,1.7848969771114676,0.2965599122059307,5.841276622593829,6.393887097625059,0
28.297418037072017,1.7076809347409156,0.7144241640712422,8.931039075594011,4.453021406703241,0
29.181622763852697,1.7886149646724063,0.759005282521931,6.002455637228766,6.175740533807405,1
20.109958286584806,1.5172690564416094,0.10251596406647445,5.165924806325979,6.763969290297748,0
21.368856300688073,1.4401989979554906,0.5138544642067677,11.617186826439566,5.492841492272028,0
29.00018641848105,1.1474525267062838,0.5088905555910559,11.024494419665878,5.966509149807555,0
28.738900775625154,1.3281927536093114,0.36928077021554107,6.630191138148862,6.2203892481645395,0
25.974131021703084,1.4340193661738754,0.9329248625696721,7.338128330930641,6.38015859558657,0
31.988504766288067,1.0886004296796172,0.8275063198732212,5.237077536445184,4.580213351427184,1
26.650366745462556,1.2206119527112111,0.6972093819096368,13.349472056944037,3.2050538367039927,0
21.753712786234495,1.598225294063739,0.7143266357349976,14.746905960485515,4.607505084946958,0
29.1441194592496,1.7356631142391898,0.4617161438131191,6.354595367946908,5.695024919136359,0
24.187705248920732,1.9983475113929496,0.9209945210965759,7.314752137652981,4.801401543123172,0
23.831385282494974,1.9331133313435576,0.6945954272532854,13.68409523946934,5.995852603441595,0
25.189177052828377,1.6425651995351915,0.7289810616558164,14.264637979561849,4.4279297178746555,0
20.469659667750552,1.4212480532940721,0.8616909037873453,9.196273828068104,5.538976564416118,0
21.662833687560795,1.6361773647082327,0.274071589342191,5.5062247226907415,3.7456792194158983,0
27.380336164263703,1.785651618080232,0.807070903866703,5.393918336928194,5.997477746579827,0
20.827986679251264,1.1183361909233873,0.19524060295649204,10.739498660690105,5.182783875252103,0
26.03152109466388,1.4099048896962882,0.34534195224488784,8.92895108893179,3.8162575541864023,0
22.45349109681321,1.839802285635617,0.3356104542698427,5.286524275776545,4.167644693991229,0
23.892956140419766,1.383832951933044,0.9785254683891406,10.832523923125567,5.994434834327329,0
22.886937367707,1.5718722712271864,0.8565372237479268,5.113025365890225,4.930404942646083,0
23.55672716464949,1.587769360862198,0.7011698615902597,12.873719581492729,3.864125761572289,0
34.52554838445116,1.1844762531336395,0.7270567616153901,8.064328227033716,6.86908476148119,1
22.971217156231752,1.3622354416522884,0.5620727944025711,5.402580030092321,5.860500079267552,0
25.66404640296897,1.3345112887419321,0.9470906671085191,10.883522209831533,6.828539330159185,0
24.760504021990997,1.0261967085320647,0.49625875288236154,8.976844144330547,4.708420181441372,0
26.63671165362648,1.0241917638913551,0.3805177098698945,14.738004133571495,4.900401362766882,0
29.36829739324758,1.8316970436757734,0.163035336931591,10.441986625037021,6.591820864740077,0
27.325720972102502,1.2730708099728125,0.786205652261058,7.752391810370083,5.1001973609815385,0
22.149403785907566,1.5180787662388155,0.7344439320755914,12.094388646339748,5.829115647622668,0
20.311831350612845,1.298725573588773,0.3843550385241349,7.714920025427113,4.008691509982119,0
22.62264044299825,1.9406792451153405,0.02519341395922936,14.04243291407565,4.786905874810563,0
25.95077930700255,1.2592967588657737,0.8389973277180107,8.747219705073764,3.4937994632414204,0
20.514258134842503,1.429656812738935,0.011417983454073632,10.498685627762052,3.8239201435078467,0
34.35739509039701,1.8727302504846017,0.703699779629051,5.505731038242288,3.0037736610705243,1
25.968428489168893,1.8419335667918086,0.970257109726057,9.261212379522307,3.157060206594641,0
23.34243890816961,1.1861014178462774,0.43766132814820347,13.32363539660995,6.909135292707717,0
27.70912203745822,1.8026433097957104,0.23497340499595276,13.05648805363342,3.969414780547049,0
21.065982531337717,1.4581868867378927,0.7048710100433817,7.243185588535263,5.653242838016007,0
20.751377817358087,1.482968872085355,0.8171281420155851,7.260790710105627,6.356398795198446,0
27.281887562036033,1.1334799724159437,0.5464303160778473,13.173053122132368,5.202641836946257,0
24.954913162061985,1.0806015137571245,0.9670352752561462,14.303984201693256,3.6125780003358248,0
26.88402396427736,1.7279393069737652,0.0516687216579611,5.9536092127300355,5.9124657493446655,0
24.348273386037462,1.4964611523552998,0.5047955983045281,9.500586394262253,5.401005640398332,0
22.46402033239107,1.4368507026151796,0.7184539473225501,8.37454278964229,5.9250023573895,0
28.191023176741997,1.7295082286523966,0.862640471149179,13.706884554574394,6.078986491428349,0
35.28287787552086,1.7655128989911097,0.17925561190779005,5.835249146800187,6.90164147073898,1
26.946964708544268,1.1589081676693536,0.8000034817636814,7.111259425580374,5.2942531201068395,0
22.721451372299626,1.6102251494776412,0.5527070757185453,12.524683375864942,4.366564450762407,0
25.90230666869087,1.1353540822776855,0.3965536819899632,5.512938489812155,5.593858227600949,0
23.60973896940027,1.7513750860290456,0.13171502857909356,9.925353807142892,3.2737628369705045,0
20.91582073326634,1.6569551562671396,0.8652957589089124,9.421070346797201,6.589589273286345,0
29.17313575462243,1.956614621083458,0.15727320817971535,8.344011789887487,3.477524045352787,0
21.368186309189614,1.0689580163564212,0.30978785920909924,8.945723153189238,4.311371351543273,0
29.502373538208026,1.0570547211512542,0.2900455319624369,10.29940586930233,6.262981522504484,0
24.460057729579557,1.2821870746932,0.8714140341908543,6.613673583883831,5.389249513322847,0
